-- phpMyAdmin SQL Dump
-- version 4.4.15.5
-- http://www.phpmyadmin.net
--
-- Хост: 127.0.0.1:3306
-- Время создания: Апр 07 2016 г., 02:14
-- Версия сервера: 5.5.48
-- Версия PHP: 5.3.29

SET SQL_MODE = "NO_AUTO_VALUE_ON_ZERO";
SET time_zone = "+00:00";


/*!40101 SET @OLD_CHARACTER_SET_CLIENT=@@CHARACTER_SET_CLIENT */;
/*!40101 SET @OLD_CHARACTER_SET_RESULTS=@@CHARACTER_SET_RESULTS */;
/*!40101 SET @OLD_COLLATION_CONNECTION=@@COLLATION_CONNECTION */;
/*!40101 SET NAMES utf8mb4 */;

--
-- База данных: `is`
--

-- --------------------------------------------------------

--
-- Структура таблицы `alerts`
--

CREATE TABLE IF NOT EXISTS `alerts` (
  `id` int(11) unsigned NOT NULL,
  `user_id` int(11) unsigned DEFAULT NULL,
  `title` varchar(255) NOT NULL,
  `text` text NOT NULL,
  `type` varchar(20) NOT NULL,
  `published` tinyint(1) NOT NULL,
  `created` datetime NOT NULL,
  `modified` datetime NOT NULL
) ENGINE=InnoDB AUTO_INCREMENT=2 DEFAULT CHARSET=utf8;

--
-- Дамп данных таблицы `alerts`
--

INSERT INTO `alerts` (`id`, `user_id`, `title`, `text`, `type`, `published`, `created`, `modified`) VALUES
(1, 1, 'Відкрито новий сайт кафедри інформаційних систем', '<p>Вітаємо вас на новому сайті кафедри інформаційних систем!</p>', 'panel-info', 1, '2015-05-18 19:58:58', '2015-05-18 19:59:16');

-- --------------------------------------------------------

--
-- Структура таблицы `files`
--

CREATE TABLE IF NOT EXISTS `files` (
  `id` int(11) unsigned NOT NULL,
  `user_id` int(11) unsigned NOT NULL,
  `title` varchar(255) NOT NULL,
  `info` varchar(500) NOT NULL,
  `slug` varchar(100) NOT NULL,
  `modified` datetime NOT NULL,
  `created` datetime NOT NULL
) ENGINE=InnoDB DEFAULT CHARSET=utf8;

-- --------------------------------------------------------

--
-- Структура таблицы `menus`
--

CREATE TABLE IF NOT EXISTS `menus` (
  `id` int(11) unsigned NOT NULL,
  `key` varchar(100) NOT NULL,
  `name` varchar(100) NOT NULL
) ENGINE=InnoDB AUTO_INCREMENT=2 DEFAULT CHARSET=utf8;

--
-- Дамп данных таблицы `menus`
--

INSERT INTO `menus` (`id`, `key`, `name`) VALUES
(1, 'main', 'Головне');

-- --------------------------------------------------------

--
-- Структура таблицы `menu_items`
--

CREATE TABLE IF NOT EXISTS `menu_items` (
  `id` int(11) unsigned NOT NULL,
  `menu_id` int(11) unsigned NOT NULL,
  `item_id` int(11) unsigned DEFAULT NULL,
  `name` varchar(100) NOT NULL,
  `url` text NOT NULL,
  `position` tinyint(3) unsigned NOT NULL
) ENGINE=InnoDB AUTO_INCREMENT=22 DEFAULT CHARSET=utf8;

--
-- Дамп данных таблицы `menu_items`
--

INSERT INTO `menu_items` (`id`, `menu_id`, `item_id`, `name`, `url`, `position`) VALUES
(1, 1, NULL, 'Головна', '/', 0),
(2, 1, NULL, 'Кафедра', '', 2),
(3, 1, 2, 'Загальна інформація', '/pages/view/kafedra', 1),
(4, 1, 2, 'Викладацький склад', '/users/all', 2),
(5, 1, 2, 'Історична довідка', '/pages/view/istorichna_dovidka', 3),
(6, 1, NULL, 'Наука', '/pages/view/naukova_robota', 3),
(7, 1, NULL, 'Абітурієнту', '', 4),
(8, 1, 7, 'Слово до абітурієнта', '/pages/view/slovo_do_abituriyenta', 1),
(9, 1, 7, 'Спецільності', '/pages/view/speciality', 2),
(10, 1, NULL, 'Студентське життя', '', 5),
(11, 1, 10, 'Гуртожиток', '/pages/view/gurtozhitok', 1),
(12, 1, 10, 'Навчання', '/pages/view/neobhidno_znati', 2),
(13, 1, NULL, 'Література', '', 6),
(14, 1, 13, 'Електронні видання', '/pages/view/elektronni_vidannya', 1),
(15, 1, 13, 'Методички', '', 2),
(16, 1, 13, 'Електронна бібліотека ІС', 'http://library.nuft.edu.ua/ebook/datathree.php?ID=138', 3),
(17, 1, NULL, 'Відгуки', '', 7),
(18, 1, 17, 'Додати', '/reviews', 1),
(19, 1, 17, 'Всі відгуки', '/reviews/all', 2),
(21, 1, 2, 'Привітання', '/pages/view/main', 0);

-- --------------------------------------------------------

--
-- Структура таблицы `news`
--

CREATE TABLE IF NOT EXISTS `news` (
  `id` int(11) unsigned NOT NULL,
  `user_id` int(11) unsigned DEFAULT NULL,
  `title` varchar(255) NOT NULL,
  `description` varchar(500) NOT NULL,
  `content` text,
  `slug` varchar(255) NOT NULL,
  `published` tinyint(1) NOT NULL,
  `modified` datetime NOT NULL,
  `created` datetime NOT NULL
) ENGINE=InnoDB DEFAULT CHARSET=utf8;

-- --------------------------------------------------------

--
-- Структура таблицы `pages`
--

CREATE TABLE IF NOT EXISTS `pages` (
  `id` int(11) unsigned NOT NULL,
  `user_id` int(11) unsigned DEFAULT NULL,
  `title` varchar(255) NOT NULL,
  `content` text,
  `slug` varchar(255) NOT NULL,
  `modified` datetime NOT NULL,
  `created` datetime NOT NULL
) ENGINE=InnoDB AUTO_INCREMENT=10 DEFAULT CHARSET=utf8;

--
-- Дамп данных таблицы `pages`
--

INSERT INTO `pages` (`id`, `user_id`, `title`, `content`, `slug`, `modified`, `created`) VALUES
(1, 1, 'Загальна інформація', '<div class="col-md-4">\r\n<div style="text-align:center;"><img alt="" src="/img/zavkaf.png" style="padding-top: 10px;" /></div>\r\n\r\n<p style="text-align:center; color:#222; font-weight:800">Самсонов Валерій Васильович</p>\r\n\r\n<p style="text-align:center; color:#555">Завідувач кафедри<br />\r\nпрофесор, кандидат технічних наук. Нагороджений Почесною грамотою Кабінету Міністрів України, Почесною грамотою Академії педагогічних наук України, Почесною грамотою Центрального комітету профспілок працівників освіти і науки України</p>\r\n\r\n<div class="alert alert-info">(044) 287-93-88<br />\r\n(044) 289-73-16<br />\r\nА-333: (044) 287-92-46<br />\r\nА-338: (044) 287-96-77</div>\r\n</div>\r\n\r\n<div class="col-md-8">\r\n<p style="text-align: center;"><strong>(створена у 2002 році)</strong></p>\r\n\r\n<p>Кафедра інформаційних систем здійснює професійну підготовку фахівців за напрямом &laquo;Комп&#39;ютерні науки&raquo;, спеціалістів і магістрів за спеціальністю &laquo;Інформаційні управляючі системи і технології&raquo; та магістрів за спеціальністю &laquo;Комп&#39;ютерний еколого-економічний моніторинг&raquo;. &nbsp;Узагальненим&nbsp; об&#39;єктом професіональної діяльності майбутніх спеціалістів є інформаційні та автоматизовані системи, засоби контролю, моніторингу і управління, їх математичне, інформаційне, технічне та програмне забезпечення; способи та методи їх проектування, розробки, впровадження, а також експлуатація.</p>\r\n\r\n<p>Практичні навички студенти закріплюють під час проходження практики на підприємствах харчової промисловості, у наукових установах Національної академії наук України, галузевих науково-дослідних інститутах і комерційних установах, де всебічно розширюють та закріплюють отримані під час навчання знання. Це, зокрема, Інститут кібернетики ім. В.М. Глушкова НАН України, Інститут телекомунікацій і глобального простору НАН України, ЗАТ &laquo;Оболонь&raquo;, ЗАТ &laquo;Київські макарони&raquo;, Київський пивзавод на Подолі, хлібокомбінати міста та інші харчові підприємства України. Між кафедрою інформаційних систем і зазначеними науковими установами укладено договори&nbsp; про наукову допомогу в підготовці фахівців, провідні вчені викладають дисципліни професійної підготовки, очолюють наукові дослідження.&nbsp; Кафедра має також договір із Каунаським технологічним університетом Литви про міжнародне співробітництво &ndash; обмін студентами, з провідними фірмами-розробниками програмних засобів, які в процесі проходження студентами практики кращим пропонують роботу. Під час навчання студенти кафедри мають змогу набути знань та досвіду, працюючи адміністраторами комп&rsquo;ютерних лабораторій університету, у відділі технічних засобів навчання та дистанційної освіти, центрі інтелектуальних комп&#39;ютерних систем, Інституті телекомунікацій і глобального інформаційного простору НАН України.</p>\r\n\r\n<p>Для виконання наукових досліджень &ndash; аналізу, моделювання і проектування інформаційних систем використовується п&rsquo;ять комп&#39;ютерних аудиторій, які мають актуальне програмне забезпечення. Для виконання студентами самостійної і науково-дослідної робіт організовано локальну комп&rsquo;ютерну мережу між аудиторіями і з безкоштовним доступом в Internet. Студенти із визначними здібностями приєднуються до науково-дослідної роботи під керівництвом професорів і доцентів кафедри, виступають на конференціях, публікуються у фахових наукових виданнях, розробляють програмні засоби для відділів та служб університету, беруть участь у розробленні і впровадженні електронних засобів навчання. Також студенти кафедри інформаційних систем є активними учасниками всеукраїнських і міжнародних олімпіад з програмування: Міжнародна відкрита студентська олімпіада з програмування імені С.О. Лебедєва та В.М. Глушкова &laquo;KPI-OPEN&raquo; на базі КНТУ &laquo;КПІ&raquo;, Міжнародна Літня школа з програмування, Міжнародна Зимова школа з програмування.</p>\r\n\r\n<p>Колектив кафедри інформаційних систем активно співпрацює з навчальними і науковими установами, зокрема з НУТУ &laquo;КПІ&raquo;, Національним транспортним університетом, Харківським національним університетом радіоелектроніки, Інститутом кібернетики ім. В.М. Глушкова, Державним університетом інформаційно-комунікаційних технологій, ДП&nbsp;НВК &laquo;Київський інститут автоматики&raquo;, Інститутом психології ім. Г. С. Костюка АПН України та іншими закладами, в тому числі і кафедрами університету.&nbsp;</p>\r\n</div>\r\n', 'kafedra', '2015-05-18 20:19:58', '2015-05-17 02:24:10'),
(2, 1, 'Історична довідка', '<p><strong>Кафедра &quot;Інформаційних систем&quot;</strong> заснована у 2002 році. З метою підвищення якості підготовки бакалаврів 6.050101 &laquo;Інформаційні технології&raquo;, спеціалістів і магістрів спеціальності 7.080401 &laquo;Інформаційні управляючі системи та технології&raquo;, а також фахівців вищої кваліфікації &ndash; докторів і кандидатів наук зі спеціальності 05.13.06 &laquo;Інформаційні технології&raquo;, наказом ректора № 122 &nbsp;&laquo;Про зміни в структурі НУХТ&raquo; від 19 вересня 2002 прийнято рішення про створення кафедри Інформаційних систем. За цим рішенням кафедра інформатики у 2002 р. розділилась на дві кафедри: Інформатики й Інформаційних систем. Із створенням кафедри в університеті оформився новий науковий напрямок, пов&#39;язаний з прикладним системним аналізом інформаційних процесів у харчовій галузі.</p>\r\n\r\n<p>Стрімкий розвиток комп&rsquo;ютеризації суспільства сформував необхідність здійснення адміністративного управління на підприємствах харчової галузі з використанням інформаційних технологій. Підготовку фахівців за спеціальністю &laquo;Інформаційні управляючі системи і технології&raquo; було розпочато 1996 році. У 2001 році відбувся перший випуск &nbsp;спеціалістів. У 2002 році спеціальність була акредитована Міністерством освіти і науки України за третім, а згодом і найвищим &ndash; четвертим рівнем акредитації. Згідно цього рівня акредитації кафедра має право здійснювати ступеневу підготовку фахівців за освітньо-кваліфікаційними рівнями &laquo;бакалавр&raquo;, &laquo;спеціаліст&raquo; та &laquo;магістр&raquo; на денну та заочну форму навчання. І весною 2002 року відбувся перший випуск магістрів спеціальності &laquo;Інформаційні управляючі системи і технології&raquo;.</p>\r\n\r\n<p>Виконання обов&rsquo;язків завідувача кафедри з пер&shy;ших днів її існування було покладено на доцента Ельперіна І.В, який на той час був деканом факультету Автоматизації та комп&rsquo;ютерних систем. До новоствореної кафедри увійшли професори Сергій Іванович Сіренко, Володимир Якович Кондращенко, доценти Людмила Юріївна Маноха, Лариса Григорівна Загоровська, Олена Михайлівна М&rsquo;якшило, Ольга Андріївна Хлобистова та інші викладачі. В 2003 році кафедру очолювали професор Віктор Якович Кондращенко і професор Сергій Іванович Сіренко. Науково-дослідна робота кафедри була спрямована на розробку методологічних підходів, алгоритмічних та програмних засобів для інформаційної підтримки рішень в системах управління харчовими підприємствами.</p>\r\n\r\n<p>Кафедру з березня 2004 року і до сьогодні очолює професор Самсонов Валерій Валерійович. Кафедра інформаційних систем здійснює підготовку бакалаврів напряму 6.050101 &nbsp; &quot;Комп&rsquo;ютерні науки&quot;, спеціалістів зі спеціальності 7.05010101 &quot;Інформаційні управляючі системи та технології&quot;, магістрів спеціальностей 8.05010101 &quot;Інформаційні управляючі системи та технології&quot; і 8.05010105 &ldquo;Комп&rsquo;ютерний еколого-економічний моніторинг&rdquo;. А також спеціалістів вищої категорії 05.13.06 &quot;Інформаційні технології&quot;. Варто зазначити, що за цей період кількість викладачів кафедри зросла і у 2013 році становить 30 науково-педагогічних працівників (штатних і за сумісництвом), з яких 5 докторів наук і 15 кандидатів наук. Для організації навчального процесу &ndash; проведення лабораторних робіт, самостійної підготовки, виконання курсових, дипломних та наукових робіт студентів &ndash; використовується п&#39;ять закріплених комп&rsquo;ютерних класів. Починаючи із 2010 року на кафедрі виконано необхідний комплекс заходів з метою підготовки до відкриття нової спеціальності &laquo;Комп&rsquo;ютерний економіко-екологічний моніторинг&raquo;. У 2012 році на кафедрі відбувся перший випуск магістрів за спеціальністю 8.05010105 &laquo;Комп&rsquo;ютерний економіко-екологічний моніторинг&raquo;. &nbsp; &nbsp;&nbsp;</p>\r\n\r\n<p>Фахівець з комп&rsquo;ютерного економіко-екологічного моніторингу має змогу працювати у відділах комп&rsquo;ютеризації харчових підприємств, комп&rsquo;ютерного економіко-екологічного моніторингу, в еколого-експертних підрозділах Міністерства екології, Державної екологічної інспекції, державних управліннях екології й природних ресурсів, відділах екології на підприємствах.</p>\r\n', 'istorichna_dovidka', '2015-05-17 03:30:05', '2015-05-17 03:29:57'),
(3, 1, 'Наукова робота', '<p>Наукова робота є одним з першорядних завдань діяльності професорсько-викладацького складу кафедри. Науково-дослідна робота кафедри інформаційних систем передбачає розроблення методологічних та алгоритмічних підходів, програмних застосунків для інтелектуальної підтримки рішень у системах управління харчовими підприємствами та удосконалення навчального процесу. Співробітники кафедри працюючи над розв&rsquo;язанням наукових проблем:</p>\r\n\r\n<p>- коректні методи ідентифікації реальних об&rsquo;єктів різної природи;</p>\r\n\r\n<p>- знань-орієнтовані інформаційні технології прийняття рішень;</p>\r\n\r\n<p>- моделювання експертних знань на базі логіко-обчислювальної семантичної мережі;</p>\r\n\r\n<p>- розроблення системи прийняття рішень при плануванні оперативних рішень у надзвичайних ситуаціях;</p>\r\n\r\n<p>- розроблення та впровадження систем електронних навчально-методичних ресурсів навчальної дисципліни;</p>\r\n\r\n<p>- дослідження методів аналізу інформації в базах даних підприємств із метою підвищення ефективності його функціонування;</p>\r\n\r\n<p>- дослідження та реалізація методів спільного застосування криптографічного та завадостійкого кодування;</p>\r\n\r\n<p>щорічно публікують &nbsp;близько 25 наукових статей, приймають участь близько 30 міжнародних науково-технічних та науково-практичних конференціях, де виступають з 25-30 доповідями. До переліку входять міжнародні науково-технічні та науково-практичні конференції: &laquo;Комп&rsquo;ютерні системи та мережеві технології (CSNT)&raquo;, &laquo;Системний аналіз та інформаційні технології&raquo;, &laquo;Захист інформації в інформаційно-комунікаційних системах&raquo;, Міжнародна конференція з автоматичного управління, &laquo;Комп&rsquo;ютерні системи та мережеві технології&raquo;, що проводяться у Києві та інших містах України, а також за кордоном.</p>\r\n\r\n<p>Кафедра інформаційних систем бере участь у науково-дослідній роботі університету: проводить наукові дослідження за найважливішими теоретичними, науково-технічними і соціально-економічними проблемами за профілем кафедри, проблемами педагогіки вищої школи у тісному зв&#39;язку із завданнями підвищення якості підготовки спеціалістів; складає щорічні звіти за підсумками НДР; виконує щорічну атестацію аспірантів кафедри; обговорює завершені науково-дослідні роботи і дає рекомендації щодо їх опублікування, бере участь у впровадженні результатів досліджень; розглядає дисертації, які представляються членами кафедри або, за доручення керівництва університету, іншими здобувачами; організовує науково-дослідну роботу студентів; здійснює щорічну підготовку студентів для участі в олімпіадах державного і міжнародного рівня.</p>\r\n\r\n<p>При кафедрі діє студентський науковий гурток &quot;Клубна радіостанція&quot; під керівництвом доцента к.т.н. А.О. Мошенського, напрям роботи якого є телекомунікаційні мережі та передача даних. Між кафедрою інформаційних систем і Каунаським технологічним університетом Литви у 2012 р. заключено договір про міжнародне співробітництво &ndash; обмін студентами з метою їх навчання.</p>\r\n\r\n<p>Щорічно команди студентів різних курсів приймають участь в олімпіадах і школах із програмування різного рівня: внутрішньовузівських і міжнародних. А саме у Міжнародній відкритій студентській олімпіаді з програмування імені С.О. Лєбєдєва та В.М. Глушкова &laquo;KPI-OPEN&raquo; на базі КНТУ &laquo;КПІ&raquo;, Міжнародній літній школі з програмування і Міжнародній зимовій школі програмістів для студентів вищих навчальних закладів.</p>\r\n\r\n<p>В 2006 році кафедра приймала участь в організації Всеукраїнської науково-методичної конференції &laquo;Проблеми і перспективи розвитку вищої технічної вищої технічної освіти в умовах інформатизації &nbsp;суспільства та входження України в Болонський процес&raquo;. Спільно з кафедрою автоматизації комп&#39;ютерно-інтегрованих технологій у 2009 було проведено Науково-технічну конференцію &laquo;Сучасні методи, інформаційне, програмне та технічне забезпечення систем управління організаційно-технічними комплексами&raquo;.</p>\r\n', 'naukova_robota', '2015-05-17 03:31:14', '2015-05-17 03:31:08'),
(4, 1, 'Слово до абітурієнта', '<p><img alt="" src="/img/rektor.jpg" style="width: 300px; float: left; margin-right: 20px; margin-bottom: 20px;" />&nbsp;Національний університет харчових технологій &ndash; потужний навчально-науковий комплекс, знаний і глибоко шанований не лише в Україні, але й далеко за її межами. Це єдиний в Україні вищий технічний заклад освіти, у якому здійснюється підготовка висококваліфікованих фахівців різних освітньо-кваліфікаційних рівнів &ndash; від &laquo;молодшого спеціаліста&raquo; до &laquo;магістра&raquo; &ndash; за 215 освітніми програмами для високотехнологічних галузей економіки.</p>\r\n\r\n<p>Історія нашого навчального закладу &ndash; частина історії країни. Вона бере початок у 1884 році, коли при Смілянському рафінадному заводі були відкриті технічні класи &ndash; перший в історії Російської імперії технічний навчальний заклад для підготовки техніків-хіміків і майстрів цукрового виробництва. Вони стали базою для заснування у Києві інституту цукрової промисловості. Він неодноразово змінював назву: Київський інститут цукрової промисловості і Київський інститут технології цукру (1930), Київський хіміко-технологічний інститут харчової промисловості (1933), Київський технологічний інститут харчової промисловості ім. А.І. Мікояна (1935), Український державний університет харчових технологій (1993), Національний університет харчових технологій (2002). Незмінним залишалося лише прагнення колективу на будь-якому етапі історичного розвитку держави готувати спеціалістів найвищого ґатунку, виховувати самовідданих, наполегливих, творчих особистостей, вкладати все своє вміння, всі знання, усю душу у гармонійний розвиток своїх вихованців.</p>\r\n\r\n<p>За роки існування наш навчальний заклад значно розширив палітру напрямів і спеціальностей підготовки і став знаним не лише на теренах колишнього СРСР, а й визнаним авторитетом за кордоном.</p>\r\n\r\n<p>Національний університет харчових технологій &ndash; навчально-науковий комплекс, у якому створений замкнений цикл доуніверситетської, ступеневої та післядипломної підготовки і перепідготовки фахівців. До складу комплексу входять 12 факультетів, 2 Інститути післядипломної освіти, 8 регіональних навчально-наукових центрів і 13 технікумів і коледжів, які розташовані у різних містах України.</p>\r\n\r\n<p>Всього у нашому навчальному комплексі здобувають знання близько 30 тисяч студентів і слухачів. У навчальному процесі задіяні понад 150 докторів наук та професорів, більше 480 кандидатів наук. Серед них 21 член НАН України та галузевих академій, 19 лауреатів Державної премії України, 16 заслужених діячів науки і техніки та заслужених працівників освіти.</p>\r\n\r\n<p>До послуг студентів &ndash; науково-технічна бібліотека, яка розташована в окремому корпусі і має понад 1 млн.210 тис. примірників друкованих видань, їдальні та буфети, студентські спортивно-оздоровчі табори на Чорному морі та в Прикарпатті, студмістечко, яке об&rsquo;єднує шість гуртожитків, навчально-спортивний комплекс із сучасним басейном.</p>\r\n\r\n<p>В університеті створені всі умови для творчого та фізичного розвитку студентів. Працюють численні гуртки художньої самодіяльності, творчі колективи, спортивні секції, Центр культурного та естетичного виховання.</p>\r\n\r\n<p>Невпинно плине час. Залишилися в минулому майже 130 років пошуків, наполегливої, натхненної праці, перемог. Історія університету &ndash; історія визначних досягнень і незаперечних успіхів, і вона спонукає до конструктивних дій. Сьогодення &ndash; час для повного розкриття кожної особистості відповідно до її покликання, обдарованості, здібностей. У Національному університеті харчових технологій є всі умови для такого розкриття, наші педагоги виховують інтелектуальну еліту суспільства. Потужні науково-педагогічні школи, висококваліфіковані викладацькі кадри, модернізована навчальна база, широке використання новітніх інформаційних технологій дають можливість готувати високоякісних фахівців, широко затребуваних на ринку праці не лише України.</p>\r\n\r\n<p>Колектив університету постійно знаходиться на вістрі науково-технічного прогресу. Яскравим свідченням цього є визнання його наукових досягнень як в Україні, так і за її межами.</p>\r\n\r\n<p>Випускники нашого навчального закладу пригадують студентські роки, як найщасливіші роки свого життя. Де б вони не жили (а в нашому навчальному закладі за час його існування підготовлено тисячі спеціалістів для багатьох країн світу), де б не працювали, вони пам&rsquo;ятають свою Аlma Mater і пишаються тим, що навчались у київському харчовому.</p>\r\n\r\n<p>&nbsp;</p>\r\n\r\n<table align="center" border="0" cellpadding="1" cellspacing="1" style="width:90%">\r\n	<tbody>\r\n		<tr>\r\n			<td><strong>Щиро ваш,<br />\r\n			в.о. ректора університету,<br />\r\n			доктор технічних наук, професор</strong><br />\r\n			&nbsp;</td>\r\n			<td><strong>А. Українець</strong></td>\r\n		</tr>\r\n	</tbody>\r\n</table>\r\n', 'slovo_do_abituriyenta', '2016-04-07 00:28:03', '2015-05-17 03:44:11'),
(5, 1, 'Спеціальності', '<p>На <strong>факультеті автоматизації і комп&rsquo;ютерних систем</strong> можна навчатися на денній або заочній формі навчання.</p>\r\n\r\n<p>Підготовка бакалаврів здійснюється за двома напрямами:</p>\r\n\r\n<ul>\r\n	<li><strong><span style="line-height: 1.7em;">6.050202 &ldquo;Автоматизація та комп&rsquo;ютерно-інтегровані технології&rdquo; ;</span></strong></li>\r\n	<li><strong><span style="line-height: 1.7em;">6.050101 &ldquo;Комп&rsquo;ютерні науки&rdquo;.</span></strong></li>\r\n</ul>\r\n\r\n<p>Навчання освітньо-кваліфікаційного рівня <strong>&laquo;бакалавр&raquo;</strong> денної форми &nbsp;триває 4 роки, заочної форми навчання &ndash; 4,5 роки. Випускники технікумів і коледжів відповідного профілю можуть навчатися за скороченою формою навчання, яка триває 2,5 роки.</p>\r\n\r\n<p>По закінченню підготовки <strong>бакалаврів з напряму 6.050202 &ldquo;Автоматизація та комп&rsquo;ютерно-інтегровані технології&rdquo;</strong> студенти отримують кваліфікацію молодшого інженера з автоматизації і комп&rsquo;ютерних технологій. Продовження навчання для отримання освітньо-кваліфікаційного рівня спеціаліста або магістра може відбуватись за двома спеціальностями:</p>\r\n\r\n<ul>\r\n	<li><strong><span style="line-height: 1.7em;">7.092501 (8.092501) &ldquo;Автоматизоване управління технологічними процесами&rdquo;;</span></strong></li>\r\n	<li><strong><span style="line-height: 1.7em;">7.092502 (8.092502) &ldquo;Комп&rsquo;ютерно-інтегровані технологічні процеси та виробництва&rdquo;.</span></strong></li>\r\n</ul>\r\n\r\n<p>Для спеціальності &ldquo;Комп&rsquo;ютерно-інтегровані технологічні процеси та виробництва&rdquo; існує <strong>спеціалізація 7.092502.01 &ldquo;Автоматизоване управління бізнес-процесами виробництв&rdquo;.</strong></p>\r\n\r\n<p>Після закінчення підготовки <strong>бакалаврів з напрямку 6.050101 &ldquo;Комп&rsquo;ютерні науки&rdquo;</strong> студенти отримують <strong>кваліфікацію інженера-програміста.</strong> Продовження навчання для отримання освітньо-кваліфікаційного рівня спеціаліста або магістра відбувається за спеціальністями:</p>\r\n\r\n<ul>\r\n	<li><strong><span style="line-height: 1.7em;">7.05010101 (8.05010101) &ldquo;Інформаційні управляючі системи та технології&rdquo;;</span></strong></li>\r\n	<li><strong><span style="line-height: 1.7em;">​</span><span style="line-height: 1.7em;">8.05010105 &laquo;Комп&rsquo;ютерний еколого-економічний моніторинг&raquo;.</span></strong></li>\r\n</ul>\r\n\r\n<p>Навчання освітньо-кваліфікаційного рівня <strong>&laquo;спеціаліст&raquo;</strong> на базі ОКР &laquo;бакалавр&raquo; денної і заочної форм триває 1 рік.</p>\r\n\r\n<p>Навчання освітньо-кваліфікаційного рівня <strong>&laquo;магістр&raquo;</strong> на базі ОКР &laquo;бакалавр&raquo; денної і заочної форми триває 1 рік.</p>\r\n\r\n<p>Неможливо сьогодні уявити сучасне виробництво без високого рівня автоматизації і комп&rsquo;ютеризації всіх його ділянок. Це зумовлене бажанням не лише полегшити роботу працівникам, а й отримати конкурентноспроможну продукцію високої якості. Оскільки харчова промисловість, до складу якої входять десятки тисяч підприємств різноманітного профілю, є одною з провідних в Україні, то впровадження новітніх інформаційних технологій та сучасних систем управління тут відбувається особливо інтенсивно.</p>\r\n\r\n<p>Для вирішення цих задач потрібні <strong>фахівці з автоматизації, комп&rsquo;ютерно-інтегрованих технологій та інформаційних управляючих систем, підготовку яких здійснює факультет &laquo;Автоматизації та комп&rsquo;ютерних систем&raquo;</strong> за двома освітніми напрямами за ОРК: бакалавр &ndash; спеціаліст або магістр.</p>\r\n\r\n<p>Підготовка бакалаврів з напрямом <strong>&laquo;Автоматизації та комп&rsquo;ютерно-інтегрованих технологій&raquo;</strong> проводиться 4 роки. Після закінчення цього освітнього рівня студенти отримують кваліфікацію молодшого інженера з автоматизації і комп&rsquo;ютерних технологій. Продовження навчання для отримання освітньо-кваліфікаційного рівня спеціаліста може відбуватись за двома спеціальностями: &laquo;Автоматизоване управління технологічними процесами&raquo; і &laquo;Комп&rsquo;ютерно-інтегровані технологічні процеси та виробництва&raquo;. Для другої спеціальності існує також спеціалізація &ndash; &laquo;Автоматизоване управління бізнес-процесами виробництв&raquo;.</p>\r\n\r\n<p>Основними напрямками майбутньої професійної діяльності студентів, які продовжують навчання за спеціальністю <strong>&laquo;Автоматизоване управління технологічними процесами&raquo;</strong>, є робота в царині створення та експлуатації систем автоматизації технологічних процесів, установок та агрегатів, які забезпечують підтримку обраного режиму функціонування. По закінченню навчання випускники мають можливість займати посади керівників та провідних спеціалістів, головних метрологів, інженерів з автоматизації, інженерів проектантів систем автоматизації, менеджерів проектів, інженерів з налагодження систем автоматизації. Це класична спеціальність з автоматизації підготовка фахівців з якої в університеті має більш ніж 40-річну історію.</p>\r\n\r\n<p>Фахівці зі спеціальності <strong>&laquo;Комп&rsquo;ютерно-інтегровані технологічні процеси та виробництва&raquo;</strong>, підготовку яких вперше в Україні розпочато у 1995 році, зорієнтовані на розроблення та експлуатацію комп&rsquo;ютерно-інтегрованих систем управління з використанням інтелектуальних підсистем підтримки прийняття рішень на основі баз даних та знань і систем управління ними. Такий майбутній професійний характер діяльності вимагає поєднання класичної інженерної освіти в галузі автоматизації з поглибленим опануванням комп&rsquo;ютерних технологій та спеціального програмного забезпечення. Фахівці з цієї спеціальності займають інженерно-технічні посади, які забезпечують проектування та функціонування автоматизованих систем управління виробництвом на базі широкого використання комп&rsquo;ютерно-інтегрованих технологій.</p>\r\n\r\n<p>Науково-технічний прогрес у промисловості базується на розвитку ряду напрямів, серед яких важливим є інтеграція виробничих процесів та управління ними. У зв&#39;язку з цим, для даної спеціальності відкрито спеціалізацію <strong>&quot;Автоматизоване управління бізнес-процесами підприємства&quot;</strong>. Студенти цієї спеціалізації вивчають цикл дисциплін, пов&#39;язаних з економічною діяльністю підприємств таких, наприклад, як фінанси, бухгалтерський облік, основи маркетингу, мікро- та макроекономіка, аудит і контролінг, основи ціноутворення, основи зовнішніх економічних відносин та ін., а також спеціалізоване програмне забезпечення. Після закінчення університету випускники мають можливість займати посади інженерів і головних спеціалістів з автоматизації, інженерів з розробки алгоритмів та програм для інтегрованих систем управління, системних аналітиків проектів, інженерів проектантів, менеджерів, спеціалістів з комп&#39;ютерних технологій.</p>\r\n\r\n<p>Безумовно, розглянуті спеціальності і спеціалізації є спорідненими. Їх навчальні плани мають 70% загальних дисциплін, які формують класичні вимоги до підготовки фахівців в галузі автоматизації, але наявність декількох спеціальностей і спеціалізацій дозволяє готувати спеціалістів, рівень знань і кваліфікація &nbsp;яких найбільш повно відповідає сучасним вимогам.</p>\r\n\r\n<p>Слід зауважити, що за останні десять років принципи побудови систем автоматизації зазнали суттєвих змін. На зміну традиційним технічним засобам автоматизації прийшли сучасні мікропроцесорні управляючі пристрої та комп&rsquo;ютерно-інтегровані технології. Саме тому, при підготовці спеціалістів з автоматизації особлива увага приділяється вивченню сучасних технічних засобів автоматизації і спеціалізованого програмного забезпечення. Лабораторії кафедри АКІТ найкраще серед ВНЗ України оснащені мікропроцесорними контролерами. Устаткування для навчальних лабораторій кафедри поставили лідери в галузі мікропроцесорних технічних засобів автоматизації &ndash; фірми Schneider Electric, Mitsubishi, Siemens, VIPA, OBEH, Мікрол та інші. Отже студенти мають можливість не тільки вивчати теоретично, а й отримувати практичні навички роботи з сучасним технічним та програмним забезпеченням . Кращі студенти, разом з дипломом отримують сертифікати, які підтверджують високий рівень їх підготовки до роботи з окремими типами технічних засобів автоматизації.</p>\r\n\r\n<p>Спеціальність <strong>&laquo;Інформаційні управляючі системи та технології&raquo;</strong> належить до напряму <strong>&laquo;Комп&rsquo;ютерні науки&raquo;</strong>. ХХІ сторіччя проголошено добою інформаційної революції &ndash; глибокого проникнення комп&rsquo;ютерних технологій в усі сфери життєдіяльності людини. Інформаційні технології (ІТ) розвиваються так швидко, що не лише в Україні, але й у інших країнах світу відчувається дефіцит спеціалістів цієї галузі.</p>\r\n\r\n<p>Об&rsquo;єктом діяльності ІТ спеціаліста є інформаційні управляючі системи (ІУС) для підприємств, установ і організацій. Профіль майбутньої роботи &ndash; розробка, впровадження та експлуатація названих систем, які забезпечують управління, інформаційну підтримку, підтримку прийняття рішень як для окремих підрозділів підприємства, так і підприємства або корпорації в цілому.</p>\r\n\r\n<p>Застосування навчальних сучасних технологій, широке впровадження засобів та програмних пакетів моделювання та проектування, активне застосування новітніх досягнень у галузях інформаційних технологій дозволяють готувати фахівців на рівні світових вимог. Майбутні фахівці поглиблено вивчають мови програмування, схемотехніку, архітектуру комп&rsquo;ютерів, системне програмування та операційні системи, теорію прийняття рішень, бази даних, системний аналіз, сучасну теорія управління, засоби проектування інтелектуальних систем, комп&rsquo;ютерні мережі, WEB-технології, засоби мультимедіа, CASE-технології проектування систем, тощо.</p>\r\n\r\n<p>Фахівець може працювати розробником ІТ систем, спеціалістом по експлуатації та супроводженню програмного забезпечення, інженером-програмістом, аналітиком комп&rsquo;ютерних систем, WEB-спеціалістом, адміністратором баз даних, адміністратором систем, інженером автоматизованих систем керування виробництвом, прикладним програмістом.</p>\r\n\r\n<p>Випускники цілком підготовлені до роботи у комп&rsquo;ютерних відділах промислових підприємств, наукових, конструкторських, проектних організаціях, комерційних фірмах та банківських установах. Фахівець може застосовувати свої знання практично в усіх сферах виробничої та невиробничої діяльності людини, де використовують комп&rsquo;ютерні технології.</p>\r\n\r\n<p>Студентське життя це не тільки роки навчання, а й найяскравіші моменти спілкування, які збережуться на довгі роки. Свої таланти студенти можуть розвивати в гуртках художньої самодіяльності, в клубі веселих і дотепних, змаганнях з брейн-рингу. Усі охочі можуть відвідувати спортивні секції спорткомплексу НУХТ. На базі факультетського гуртожитку функціонує спортивна кімната. У гуртожитку працює філія бібліотеки. Всі кімнати гуртожитку підключені до мережі підключені до мережі Internet.</p>\r\n\r\n<p>Випускники всіх спеціальностей факультету мають дуже добрі перспективи працевлаштування на престижну, високооплачувану роботу, оскільки їх кваліфікація має універсальний характер.</p>\r\n', 'speciality', '2015-05-17 03:46:21', '2015-05-17 03:46:06'),
(6, 1, 'Гуртожиток', '<p>Гуртожиток №4</p>\r\n\r\n<p>Київ, проспект&nbsp; Науки 36</p>\r\n\r\n<p>Тел. 525-01-70</p>\r\n\r\n<p><strong><em>Завідувач </em></strong>&ndash; Шеменюк Наталія Віталіївна</p>\r\n\r\n<p style="text-align:left"><iframe frameborder="0" height="450" src="https://www.google.com/maps/embed?pb=!1m18!1m12!1m3!1d2543.5305700081703!2d30.530794800000002!3d50.39394889999999!2m3!1f0!2f0!3f0!3m2!1i1024!2i768!4f13.1!3m3!1m2!1s0x40d4c8ad51b996ff%3A0xb810cb7d7dfc7ea8!2z0L_RgNC-0YHQvy4g0J3QsNGD0LrQuCwgMzYsINCa0LjRl9CyLCDQvNGW0YHRgtC-INCa0LjRl9Cy!5e0!3m2!1sru!2sua!4v1410814686202" style="border:0" width="600"></iframe></p>\r\n', 'gurtozhitok', '2015-05-17 03:47:27', '2015-05-17 03:47:14'),
(7, 1, 'Необхідно знати', '<h2 style="text-align: center;">Методи викладання і навчання</h2>\r\n\r\n<p>Навчальні семестри поділені на 2 чверті. У кожній чверті студент вивчає не більше шести дисциплін. Вивчення дисципліни може тривати одну чверть або кілька. Зміст кожної дисципліни поділений на модулі. Кожний змістовний модуль є логічно завершеною, системно впорядкованою і структурованою за окремими навчальними елементами частиною теоретичних знань та практичних умінь і навичок навчальної дисципліни. Кількість модулів визначається з урахуванням обсягу навчальної дисципліни. Для дисциплін, які вивчаються протягом 1 чверті:</p>\r\n\r\n<p>1,0 &ndash; 1,5 кредиту &ndash; 2 модулі;</p>\r\n\r\n<p>2,0 &ndash; 2,5 кредиту &ndash; 3 модулі.</p>\r\n\r\n<p>Для дисциплін, які вивчаються протягом 2-х чвертей і мають обсяги 2,0 &ndash; 2,5 кредиту &ndash; 4 або 5 модулів.</p>\r\n\r\n<p>Для дисциплін, які вивчаються протягом 3-х і більше чвертей &ndash; 2 або 3 модулі у кожній чверті.</p>\r\n\r\n<p>Кожний модуль оцінюється визначеною кількістю балів. Рейтингове оцінювання виконання студентами окремих елементів модулів проводиться на лекціях, на лабораторних заняттях (захист лабораторних робіт, тестування); на практичних або семінарських заняттях (письмові контрольні роботи за окремими модулями, тестування, виступи); під час перевірки домашніх завдань; під час захисту курсового проекту (роботи) в кафедральній комісії; під час перевірки звіту з практики або під час проведення підсумкового модульного контролю у вигляді іспиту (не більше 40 балів із 100). Кількість іспитів у семестрі допускається не більше трьох.</p>\r\n\r\n<p>Кількість курсових проектів (робіт) у семестрі не більше двох.</p>\r\n\r\n<p>На четвертому курсі за освітньо-кваліфікаційним рівнем &ldquo;бакалавр&rdquo; денної форми підготовки передбачено проведення проектно-технологічної практики протягом 4-х тижнів та переддипломної практики протягом 2-х тижнів. Після проходження практики студент складає звіт та захищає результати перед кафедральною комісією.</p>\r\n\r\n<p>По закінченню навчання за освітньо-кваліфікаційним рівнем &ldquo;бакалавр&rdquo; студент виконує та захищає бакалаврський дипломний проект, якому передує дипломне проектування тривалістю 7 тижнів.</p>\r\n\r\n<p>На п&rsquo;ятому курсі навчання за освітньо-кваліфікаційним рівнем &ldquo;спеціаліст&rdquo; денної форми підготовки передбачено проведення конструкторської практики протягом 4-х тижнів та переддипломної практики протягом 2-х тижнів.</p>\r\n\r\n<p>Навчання за освітньо-кваліфікаційним рівнем &ldquo;спеціаліст&rdquo; закінчується захистом дипломної роботи (проекту).</p>\r\n\r\n<p>Навчання за освітньо-кваліфікаційним рівнем &ldquo;магістр&rdquo; закінчується захистом магістерської роботи.</p>\r\n\r\n<h2 style="text-align: center;">Шкала та критерії виставлення оцінок</h2>\r\n\r\n<p style="text-align: left;">Кредитно-модульна система передбачає запровадження рейтингової системи оцінювання знань студентів і шкалу за єдиними критеріями відповідно до таблиці</p>\r\n\r\n<p style="text-align: left;">&nbsp;</p>\r\n\r\n<center>\r\n<table border="1" cellpadding="0" cellspacing="0" style="line-height: 20.3999996185303px; width: 857px;">\r\n	<tbody>\r\n		<tr>\r\n			<td style="text-align: center;" valign="top" width="50">\r\n			<p><span><strong>За &nbsp;ECTS</strong></span></p>\r\n			</td>\r\n			<td style="text-align: center;" valign="top" width="225">\r\n			<p><strong>За національною шкалою</strong></p>\r\n			</td>\r\n			<td style="text-align: center;" valign="top" width="169">\r\n			<p>&gt;<strong>За шкалою університету&nbsp;(в балах)</strong></p>\r\n			</td>\r\n		</tr>\r\n		<tr>\r\n			<td style="text-align: center;" valign="top" width="50">\r\n			<p align="center"><span style="color: rgb(51, 153, 102);"><strong>А</strong></span></p>\r\n			</td>\r\n			<td style="text-align: center;" valign="top" width="225">\r\n			<p><span style="color: rgb(255, 102, 0);"><strong>Відмінно</strong></span></p>\r\n			</td>\r\n			<td style="text-align: center;" valign="top" width="169">\r\n			<p align="center"><strong><span style="color: rgb(51, 102, 255);">90-100</span></strong></p>\r\n			</td>\r\n		</tr>\r\n		<tr>\r\n			<td style="text-align: center;" valign="top" width="50">\r\n			<p align="center"><span style="color: rgb(51, 153, 102);"><strong>BC</strong></span></p>\r\n			</td>\r\n			<td style="text-align: center;" valign="top" width="225">\r\n			<p><span style="color: rgb(255, 102, 0);"><strong>Добре</strong></span></p>\r\n			</td>\r\n			<td style="text-align: center;" valign="top" width="169">\r\n			<p align="center"><strong><span style="color: rgb(51, 102, 255);">75-89</span></strong></p>\r\n			</td>\r\n		</tr>\r\n		<tr>\r\n			<td style="text-align: center;" valign="top" width="50">\r\n			<p align="center"><span style="color: rgb(51, 153, 102);"><strong>DE</strong></span></p>\r\n			</td>\r\n			<td style="text-align: center;" valign="top" width="225">\r\n			<p><span style="color: rgb(255, 102, 0);"><strong>Задовільно</strong></span></p>\r\n			</td>\r\n			<td style="text-align: center;" valign="top" width="169">\r\n			<p align="center"><strong><span style="color: rgb(51, 102, 255);">60-74</span></strong></p>\r\n			</td>\r\n		</tr>\r\n		<tr>\r\n			<td style="text-align: center;" valign="top" width="50">\r\n			<p align="center"><span style="color: rgb(51, 153, 102);"><strong>FX</strong></span></p>\r\n			</td>\r\n			<td style="text-align: center;" valign="top" width="225">\r\n			<p><span style="color: rgb(255, 102, 0);"><strong>Незадовільно&nbsp;</strong></span><span style="color: rgb(255, 102, 0);"><strong>з можливістю повторного складання</strong></span></p>\r\n			</td>\r\n			<td style="text-align: center;" valign="top" width="169">\r\n			<p align="center"><strong><span style="color: rgb(51, 102, 255);">35-59</span></strong></p>\r\n			</td>\r\n		</tr>\r\n		<tr>\r\n			<td style="text-align: center;" valign="top" width="50">\r\n			<p align="center"><span style="color: rgb(51, 153, 102);"><strong>F</strong></span></p>\r\n			</td>\r\n			<td style="text-align: center;" valign="top" width="225">\r\n			<p><span style="color: rgb(255, 102, 0);"><strong>Незадовільно&nbsp;</strong><span style="color: rgb(255, 102, 0);"><strong>з обов&rsquo;язковим повторним курсом</strong></span></span></p>\r\n			</td>\r\n			<td style="text-align: center;" valign="top" width="169">\r\n			<p align="center"><strong><span style="color: rgb(51, 102, 255);">1-34</span></strong></p>\r\n			</td>\r\n		</tr>\r\n	</tbody>\r\n</table>\r\n</center>\r\n\r\n<p style="line-height: 20.3999996185303px; text-align: center;">&nbsp;</p>\r\n\r\n<h2 style="line-height: 20.3999996185303px; text-align: center;">Критерії оцінювання знань студентів</h2>\r\n\r\n<ul>\r\n	<li style="line-height: 20.3999996185303px;">Оцінка <strong>&ldquo;Відмінно&rdquo;</strong> ставиться за тверді знання даної теми. Студент правильно і повно відповідає на теоретичні питання, самостійно і правильно формулює постановку задачі, виконує формалізацію, будує логічні відношення та програму відповідно до змісту типових задач, впевнено працює з інструментальними засобами та володіє основами мови програмування для побудови задач .</li>\r\n	<li style="line-height: 20.3999996185303px;">Оцінка <strong>&ldquo;Добре&rdquo; </strong>ставиться за тверді знання даної теми. У відповідях можуть мати місце окремі неточності. Основні етапи розв&#39;язку типових задач курсу розуміються і виконуються студентом правильно.</li>\r\n	<li style="line-height: 20.3999996185303px;">Оцінка <strong>&ldquo;Задовільно&rdquo;</strong> ставиться за знання даної теми. Студент має загальні уяви про основні етапи та механізми розв&#39;язку типових задач. У відповідях присутні помилки, які студент у змозі виправити за допомогою викладача.</li>\r\n	<li style="line-height: 20.3999996185303px;">Оцінка <strong>&ldquo;Незадовільно&rdquo;</strong> ставиться за незнання основних розділів курсу та механізмів розв&lsquo;язку основних задач, невміння Їх використовувати для вирішення типових задач.</li>\r\n</ul>\r\n', 'neobhidno_znati', '2016-04-07 00:29:12', '2015-05-17 03:48:28'),
(8, 1, 'Електронні видання', '<p><span style="color: inherit; font-family: inherit; font-size: 22px; font-weight: 600; line-height: 24px;">Управління ІТ проектами:</span></p>\r\n\r\n<ol>\r\n	<li>Управління ІТ проектами [Електронний ресурс] : лабораторний практикум для студентів напряму підготовки 6.050101 &quot;Комп&#39;ютерні науки&quot; денної та заочної форм навч. / уклад. О. А. Хлобистова, М. В. Гладка. - К. : НУХТ, 2013. &ndash; 108 с. <a href="http://library.nuft.edu.ua/ebook/datathree.php?ID=138">http://library.nuft.edu.ua/ebook/datathree.php?ID=138</a></li>\r\n	<li>Управління ІТ проектами [Електронний ресурс] : методичні рекомендації до виконання курсової роботи для студентів напряму підготовки 6.050101 &laquo;Комп&quot;ютерні науки&raquo; денної та заочної форм навч. / уклад. М. В. Гладка, О. А. Хлобистова. &ndash; К. : НУХТ, 2014.&ndash; 91 с. &nbsp;<a href="http://library.nuft.edu.ua/ebook/datathree.php?ID=138">http://library.nuft.edu.ua/ebook/datathree.php?ID=138</a></li>\r\n</ol>\r\n\r\n<p>&nbsp;</p>\r\n\r\n<p><span style="color: inherit; font-family: inherit; font-size: 22px; font-weight: 600; line-height: 24px;">Інформаційно-обчислювальні комплекси та АСУ:</span></p>\r\n\r\n<ol>\r\n	<li>Інформаційно-обчислювальні комплекси та АСУ [Електронний ресурс] : методичні рекомендації до виконання лабораторних робіт для студентів напряму підготовки 6.050101 &quot;Комп&#39;ютерні науки&quot; усіх форм навч. / уклад. О. А. Хлобистова, М. В. Гладка, К. Є. Бобрівник. - К. : НУХТ, 2012. &ndash; 83 с. <a href="http://library.nuft.edu.ua/ebook/datathree.php?ID=138">http://library.nuft.edu.ua/ebook/datathree.php?ID=138</a></li>\r\n	<li>Інформаційно-обчислювальні комплекси та АСУ [Електронний ресурс] : навчальний посібник / уклад. О. А. Хлобистова, М. В. Гладка, К. Є. Бобрівник. - К. : НУХТ, 2013. &ndash; 178 с. &nbsp;<a href="http://library.nuft.edu.ua/ebook/datathree.php?ID=138">http://library.nuft.edu.ua/ebook/datathree.php?ID=138</a></li>\r\n</ol>\r\n\r\n<p style="line-height: 20.3999996185303px;">&nbsp;</p>\r\n\r\n<p style="line-height: 20.3999996185303px;"><span style="color: inherit; font-family: inherit; font-size: 22px; font-weight: 600; line-height: 24px;">Технології комп&#39;ютерного проектування:</span></p>\r\n\r\n<ol>\r\n	<li style="line-height: 20.3999996185303px;">Технології комп&#39;ютерного проектування [Електронний ресурс] : лабораторний практикум для студентів напряму підготовки 6.050101 &quot;Комп&#39;ютерні науки&quot; денної та заочної форм навч / уклад. О. А. Хлобистова, М. В. Гладка. - К. : НУХТ, 2013. &ndash; 136 с. <a href="http://library.nuft.edu.ua/ebook/datathree.php?ID=138​">http://library.nuft.edu.ua/ebook/datathree.php?ID=138</a></li>\r\n</ol>\r\n\r\n<p style="line-height: 20.3999996185303px;">&nbsp;</p>\r\n\r\n<p style="line-height: 20.3999996185303px;"><span style="color: inherit; font-family: inherit; font-size: 22px; font-weight: 600; line-height: 24px;">Технології захисту інформації:</span></p>\r\n\r\n<ol>\r\n	<li style="line-height: 20.3999996185303px;">Хлобистова, О. А. Технології захисту інформації [Електронний ресурс] : навчальний посібник / уклад. О. А. Хлобистова, Ю. Г. Савченко, М. В. Гладка. &ndash; К. : НУХТ, 2014. &ndash; 84 с. <a href="http://library.nuft.edu.ua/ebook/datathree.php?ID=138​">http://library.nuft.edu.ua/ebook/datathree.php?ID=138</a></li>\r\n</ol>\r\n\r\n<p style="line-height: 20.3999996185303px;">&nbsp;</p>\r\n\r\n<p style="line-height: 20.3999996185303px;"><span style="color: inherit; font-family: inherit; font-size: 22px; font-weight: 600; line-height: 24px;">Основи патентознавства:</span></p>\r\n\r\n<ol>\r\n	<li style="line-height: 20.3999996185303px;">Основи патентознавства [Електронний ресурс] : методичні рекомендації до практичних занять для студентів спеціальностей 8.05010101, 7.05010101 &laquo;Інформаційні управляючі системи і технології&raquo;, 8.05010105 &laquo;Комп`ютерний еколого-економічний моніторинг&raquo;, денної та заочної форм навчання / уклад. О. А. Хлобистова, М. В. Гладка. &ndash; К. : НУХТ, 2014. &ndash; 30 с. <a href="http://library.nuft.edu.ua/ebook/datathree.php?ID=138​">http://library.nuft.edu.ua/ebook/datathree.php?ID=138</a></li>\r\n</ol>\r\n\r\n<p style="line-height: 20.3999996185303px;">&nbsp;</p>\r\n\r\n<p style="line-height: 20.3999996185303px;"><span style="color: inherit; font-family: inherit; font-size: 22px; font-weight: 600; line-height: 24px;">Технологія створення програмних продуктів:</span></p>\r\n\r\n<ol>\r\n	<li style="line-height: 20.3999996185303px;">Технологія створення програмних продуктів [Електронний ресурс] : лабораторний практикум для студентів напряму підготовки 6.050101 &laquo;Комп&#39;ютерні науки&raquo; денної та заочної форм навч. / уклад. : В. А. Литвинов, М. В. Гладка, О. А. Хлобистова. &ndash; К. : НУХТ, 2014. <a href="http://library.nuft.edu.ua/ebook/datathree.php?ID=138​">http://library.nuft.edu.ua/ebook/datathree.php?ID=138</a></li>\r\n</ol>\r\n\r\n<p style="line-height: 20.3999996185303px;">&nbsp;</p>\r\n\r\n<p style="line-height: 20.3999996185303px;"><span style="color: inherit; font-family: inherit; font-size: 22px; font-weight: 600; line-height: 24px;">Об&#39;єктно-орієнтоване програмування:</span></p>\r\n\r\n<ol>\r\n	<li style="line-height: 20.3999996185303px;">Об&#39;єктно-орієнтоване програмування [Електронний ресурс] : методичні рекомендації до виконання курсової роботи для студентів напряму підготовки 6.050101 &laquo;Комп&#39;ютерні науки&raquo; заочної форми навчання / уклад. М. В. Гладка, М. О. Кіктєв, Р. О. Бойко. &ndash; К. : НУХТ, 2014.&ndash; 58 с. <a href="http://library.nuft.edu.ua/ebook/datathree.php?ID=138​">http://library.nuft.edu.ua/ebook/datathree.php?ID=138​</a></li>\r\n</ol>\r\n', 'elektronni_vidannya', '2015-05-17 03:49:34', '2015-05-17 03:49:28'),
(9, 1, 'Вітання завідуючого кафедри', '<h2 style="text-align: center;">Дорогі друзі!</h2>\r\n\r\n<p>​<img alt="" src="/img/zavkaf.png" style="width: 200px; height: 280px; float: left; margin-bottom: 20px; margin-right: 20px;" />Радий вітати Вас на сайті кафедри &quot;Інформаційних систем&quot; і сподіваюся, що тут Ви знайдете для себе багато різноманітної інформації, що буде корисна і викладачам, і співробітникам та студентам, і абітурієнтам і їхнім батькам та випускникам нашого університету!</p>\r\n\r\n<p>Зараз Ви опинилися &nbsp;перед вибором, який можливо визначить ваше подальше життя - ким стати, яку спеціальність вибрати? Перед вами безліч доріг, і я щиро бажаю, щоб, вибравши свою, ви йшли по ній до кінця, не знаючи розчарування і утоми! Студентське життя повне турбот і хвилювань, але немає часу прекрасніше, чим студентська пора.</p>\r\n\r\n<p>Перед вами відкриваються великі перспективи. Ви будете навчатися за спеціально розробленими програмами, вести наукові дослідження під керівництвом досвідчених викладачів, брати участь у цікавих молодіжних проектах і впроваджувати їх у реальне життя.</p>\r\n\r\n<p>Завдання кафедри - підготовка кваліфікованих фахівців в галузі інформаційних управляючих систем та технологій, які користуються попитом на ринку праці, професійно компетентних, конкурентоздатних та успішних у житті; створення механізмів, здатних підняти якість освіти; створення якісно нових, адекватних сучасним вимогам умов навчання.</p>\r\n\r\n<p>Упевнений, що попереду у вас багато сміливих відкриттів й особистих перемог. Бажаю, щоб кожен новий навчальний рік наближав вас до головної мети - знайти своє місце в житті.</p>\r\n', 'main', '2016-04-07 00:25:15', '2015-05-18 05:19:55');

-- --------------------------------------------------------

--
-- Структура таблицы `reviews`
--

CREATE TABLE IF NOT EXISTS `reviews` (
  `id` int(11) unsigned NOT NULL,
  `name` varchar(100) NOT NULL,
  `email` varchar(100) NOT NULL,
  `text` text NOT NULL,
  `published` tinyint(1) NOT NULL,
  `user_id` int(11) unsigned DEFAULT NULL,
  `created` datetime NOT NULL,
  `modified` datetime NOT NULL
) ENGINE=InnoDB DEFAULT CHARSET=utf8;

-- --------------------------------------------------------

--
-- Структура таблицы `users`
--

CREATE TABLE IF NOT EXISTS `users` (
  `id` int(11) unsigned NOT NULL,
  `hash_id` varchar(100) NOT NULL,
  `login` varchar(100) NOT NULL,
  `password` varchar(100) NOT NULL,
  `role` varchar(15) NOT NULL,
  `created` datetime NOT NULL
) ENGINE=InnoDB AUTO_INCREMENT=32 DEFAULT CHARSET=utf8;

--
-- Дамп данных таблицы `users`
--

INSERT INTO `users` (`id`, `hash_id`, `login`, `password`, `role`, `created`) VALUES
(1, '6e7b0dfcba5470143d644cdcb7b1e89c', 'admin', '$2a$10$y01olYSv5DT/wDOM2HvXau9lYsMpOs4afWfMXmrGPBykM8IhSpvci', 'admin', '2015-05-17 01:13:39'),
(2, 'aff1dac73be9c4e7bc07acd185afd668', 'alishov', '$2a$10$caswRWHwI5i3Cez2Lvr0euCkAp5oHIdbDmsAslfDS8MYX2xEs7JjC', 'user', '2016-04-07 01:13:44'),
(3, '69e3d798a22bfa7a01754bf45c0853d0', 'samsonov', '$2a$10$kUGAcwQ/glv9K7IAyiQabO8WWMBLC1Lh.FBZL9rmO4.tVxpnU1XgG', 'user', '2016-04-07 01:17:40'),
(4, 'a5adde461b3c1149f3325840222c72d5', 'kurgaev', '$2a$10$kFtGduBh1NDADcl2L9HV6urdRVMTpES4mukAmTc6vaXEyyMZ6.IlO', 'user', '2016-04-07 01:18:57'),
(5, '6b9f1f73617361733361c011f86b860c', 'litvinov', '$2a$10$H65O4vvoEcx6Fz.cPkJu9.ETIEL6a/p2xolyonj6RmL8M7QaRK/ri', 'user', '2016-04-07 01:19:36'),
(6, '198d41876fd09db32152136079c9891c', 'savchenko', '$2a$10$trOVykXiTVR0N.8C3a2WSO8/hsR7C/VZfYSbJvn7ssxGm1iX.rESy', 'user', '2016-04-07 01:20:44'),
(7, '518800999f259756a87726a6e1dcfc79', 'silvestrov', '$2a$10$rd9WvO3znWXvSEfufkXypOnCcPqyWR9hPENQWeKHeOQkmbN9VAgZO', 'user', '2016-04-07 01:21:30'),
(8, 'e60a79f2a18c47ff7f837eda724f0745', 'manoha', '$2a$10$OZMyqih0Hn.eTiKRBAMVie8GSigfSFjS6.lCpNUSTTaMTpunflqUe', 'user', '2016-04-07 01:22:14'),
(9, 'f4f2791a96af11d5147e87422cf28f1d', 'myakshilo', '$2a$10$omswqh8iWKas0Ii6lFPDI.P5nMO6POVch33Hr88C/8f.sE3oXYf3e', 'user', '2016-04-07 01:22:55'),
(10, 'bf582af7a1576c2862d5cafc23084c76', 'chaplinskii', '$2a$10$KaT4uK0PCtGgnLXscMXe.emgVxj/a9o0rpufRiw9hH.r8Nlelfee2', 'user', '2016-04-07 01:24:41'),
(11, 'ebfd96e6b6ce8df6c944a5027f4eb045', 'gorlova', '$2a$10$ALgsZVJBMF8g1eIUGCAUaecsZJ0XkIkySpAGQeOlDqPUlt5bxixTK', 'user', '2016-04-07 01:25:17'),
(12, '19bc67fbea30c581705dee8bd0db772e', 'zagorovska', '$2a$10$K5JZ.6rbzAJ4LUv/tla1g.ncA4yUwCSKQzWB9.UI7EB8DvgkFM7xS', 'user', '2016-04-07 01:25:48'),
(13, '133ef3b04ac63be2347db95916fb51cb', 'povoroznuk', '$2a$10$5QIlk2AixbRIGhTN315uCetNdXjiyY3G7YkOcQdmVM0OZ0OZ5X1Se', 'user', '2016-04-07 01:26:35'),
(14, '549e9a360f062cc92b203f53572780a2', 'andriuk', '$2a$10$035Y1WK0l5sxpiCS6esr2ukZfYNXapPlf9waO0LJTIT9I4a5.TxN.', 'user', '2016-04-07 01:27:38'),
(15, '783300d57a0dadfc8890a8adc28ca264', 'hlobustova', '$2a$10$s.9.O3s8RPZuPPx9MXY2Kex.jp.5ArQLg27tddJddn8JAO/uKbyqa', 'user', '2016-04-07 01:28:30'),
(16, '2f6f83f7516bbf3fa7b7ef9c4a80fbf7', 'grechko', '$2a$10$v3pxvZ1NzPHAJgkeVlATxO4yk0WHeJVhT2k0E7Zlgknbzg83qBATS', 'user', '2016-04-07 01:29:08'),
(17, 'feb1eabd3df15b348eaca4db4ee120ef', 'kiktev', '$2a$10$FRCr2LBvrt4qTJ5B4wom2OcP1ti6MukZzoABjJ.ah9gSVMfR11xAi', 'user', '2016-04-07 01:29:36'),
(18, 'abc60571aab7be2ee4373670c6f68560', 'marchenko', '$2a$10$HHP/RMDqy/JK1kdV4TJ5ee5bBQUPvz3togUWWWmAFVq56BwmSq6Oy', 'user', '2016-04-07 01:30:41'),
(19, '939a1546d895c3ebe2ec175191b4cc81', 'nochvai', '$2a$10$Nb3FhrNrdQF4wTHYDjo8COuZZMEiGzth4ApmwQkJ7trzt.T0kBVdG', 'user', '2016-04-07 01:39:51'),
(20, 'e435cfbd9ed722fc74b2e4b07f5aad80', 'gribkov', '$2a$10$uYPL7y50l4C9yw6akBatnud0Or6usdhhJDexJQuSXkLvgBu6h1ZKS', 'user', '2016-04-07 01:40:01'),
(21, 'a44cbc3e58aea4acd684ce58934754d4', 'harkyanen', '$2a$10$X.Ahjrc8StLCrHDJi/XCfODY4Y/TDKi5oaU4n9jjLDkMl.Sr.bIZK', 'user', '2016-04-07 01:40:11'),
(22, '8bcd75f5c4f86a7ab2a6f763db740268', 'moshenskii', '$2a$10$01Sgm929c/VR0Yh6K0Oaq.uoOEz4XTLXEKDlq8N5TBYCSM4nYEHqi', 'user', '2016-04-07 01:40:21'),
(23, '3fef4667af030b3888670840b96f5cfd', 'boiko', '$2a$10$YDz3IlGwI2ZYveU7UEajGOqVqPmkQGNQHZeq7b2oMe826cUHdX0qC', 'user', '2016-04-07 01:40:28'),
(24, '3608576df325b4a1a41b191a2a9b9092', 'gladka', '$2a$10$2gozqZL4G0BRYNrn7vnDX.NlfxY01kmAwhX9zBgjLGnPqm3uY6lti', 'user', '2016-04-07 01:40:35'),
(25, 'df67f1de256e4175712ccb7d79382a93', 'limanskya', '$2a$10$ek6bPcQbgehn2z/s7CTf2eg86qsDj6uOsBjoWwIVmJrH3NQoxdacq', 'user', '2016-04-07 01:40:44'),
(26, '04e358a8bbacef3773a2424d24c8121b', 'logvin', '$2a$10$e8Pz0eomM1bEI.mpS2B6yOGrfLBDJBPSVLagvrWL3UF6TFiNVw7Jm', 'user', '2016-04-07 01:40:54'),
(27, 'bb3388eaa6dfeae080eec506f9c36fea', 'kostikov', '$2a$10$siTYc7NcV.3AMw/gnxCf7.JrJqCYZRQP.pL7Li7g5ux/OziLLByRS', 'user', '2016-04-07 01:41:03'),
(28, 'bc8c8afea53a26d613c3f45358cb9683', 'bobrivnuk', '$2a$10$62UNwQMUI3iFHLTc4tA/g.PL99ICKJnjhL9e3wpX5eM9fe2QOAW4a', 'user', '2016-04-07 01:41:11'),
(29, 'a3da31645ad02f6d39bb1c1bfa787b07', 'dzurenko', '$2a$10$QZ1Ni237aUO3U2z/WEgbuOVEdBJQU2ChxIr7vQIkzxvCvwGvShJYy', 'user', '2016-04-07 01:42:09'),
(30, '6a7a4748371019b7b4443673c3978f8a', 'subbotina', '$2a$10$oBDZwyN7vU0or2GUTaSwMuy/Mukl83jFxwd6bDskg42Ia8h.GTjGu', 'user', '2016-04-07 01:42:22'),
(31, '930a047fccb9b2b7230ec89e35182ecb', 'drobyazko', '$2a$10$Nn4sLuS40drQ7zzlolK7huk7DOFIyA.qjSG/URi1lmf4ilpghb/FO', 'user', '2016-04-07 01:42:33');

-- --------------------------------------------------------

--
-- Структура таблицы `users_information`
--

CREATE TABLE IF NOT EXISTS `users_information` (
  `id` int(11) unsigned NOT NULL,
  `user_id` int(11) unsigned NOT NULL,
  `email` varchar(100) DEFAULT NULL,
  `name` varchar(255) DEFAULT NULL,
  `post` varchar(255) DEFAULT NULL,
  `contact` varchar(255) DEFAULT NULL,
  `content` text,
  `photo` varchar(100) DEFAULT NULL,
  `modified` datetime NOT NULL
) ENGINE=InnoDB AUTO_INCREMENT=32 DEFAULT CHARSET=utf8;

--
-- Дамп данных таблицы `users_information`
--

INSERT INTO `users_information` (`id`, `user_id`, `email`, `name`, `post`, `contact`, `content`, `photo`, `modified`) VALUES
(1, 1, 'admin.is@nuft.edu.ua', 'Адміністратор ІС', 'Адміністратор сайту кафедри інформаційних систем', '', '', 'img/users/d922b9a3dcb1db560a3bdc0792f0c78f.jpeg', '2016-04-07 00:35:53'),
(2, 2, '', 'Алішов Надір Ісмаїл-огли', 'професор, доктор технічних наук. Лауреат премії Ради Міністрів СРСР і Української молодіжної премії ім. Миколи Островського у галузі науки і техніки. Академік Української академії інформатики', '', '<p>Академік Української академії інформатики. Доктор технічних наук, професор за фахом &laquo;Обчислювальні машини, системи і мережі&raquo;. З 1972 р. працює в Інституті кібернетики ім. В.М. Глушкова НАН України. В даний час є провідним науковим співробітником цього інституту.</p>\r\n\r\n<p>Автор близько 200 наукових праць, зокрема декількох монографій, 10 винаходів і патентів. Впроваджено більше 30-ти апаратно-програмних засобів, комп&#39;ютерних систем і мереж комп&#39;ютерів.</p>\r\n\r\n<p>Науково-педагогічний напрямок &ndash; <strong>комп&#39;ютерні мережі і мережеві технології</strong></p>\r\n', NULL, '2016-04-07 01:43:43'),
(3, 3, '', 'Самсонов Валерій Васильович', 'Завідувач кафедри<br>професор, кандидат технічних наук. Нагороджений Почесною грамотою Кабінету Міністрів України, Почесною грамотою Академії педагогічних наук України, Почесною грамотою Центрального комітету профспілок працівників освіти і науки України', '', '', NULL, '2016-04-07 01:45:46'),
(4, 4, '', 'Кургаєв Олександр Пилипович', 'професор, доктор технічних наук. Лауреат державної премії України в галузі науки та техніки', '', '<p>Професор, доктор технічних наук.</p>\r\n\r\n<p>Працює на кафедрі з 2011 року.</p>\r\n\r\n<p>Провідний науковий співробітник Інституту кібернетики імені В.М. Глушкова НАН України. Науковий стаж - більше 37 років.</p>\r\n\r\n<p>У 1968 році закінчив кафедру напівпровідників радіофізичного факультету Київського державного університету ім. Т.Г. Шевченко, кваліфікація радіофізик, за фахом &ndash; напівпровідникова електроніка.&nbsp;</p>\r\n\r\n<p>Автор трьох монографій і близько 180 друкованих робіт, включаючи 77 винаходів і патентів з різних розділів комп&#39;ютерної науки.</p>\r\n\r\n<p>Науково-педагогічний напрямок &ndash; <strong>архітектура комп&#39;ютерних систем обробки даних і знань; дослідження комп&#39;ютерних систем обробки знань, представлених у формі наукової теорії.</strong></p>\r\n', NULL, '2016-04-07 01:46:35'),
(5, 5, '', 'Литвинов Валерій Андроникович', 'професор, доктор технічних наук. Лауреат державної премії України (УРСР) в галузі науки та техніки<p>Професор, доктор технічних наук.</p>  <p>Працює на кафедрі з 2011 року.</p>  <p>У 1960 р. закінчив радіотехнічний факультет Київського політехнічного інст', '', '<p>Професор, доктор технічних наук.</p>\r\n\r\n<p>Працює на кафедрі з 2011 року.</p>\r\n\r\n<p>У 1960 р. закінчив радіотехнічний факультет Київського політехнічного інституту за спеціальністю &quot;електронні прилади&quot;.</p>\r\n\r\n<p>Лауреат державної премії України (УРСР) в галузі науки та техніки. Підготував 15 кандидатів технічних наук. Читав курси лекцій у Київському філіалі Московського інституту підвищення кваліфікації, Інституті культури, Національному авіаційному університеті. З 1996 р. працює в Інституті проблем математичних машин та систем НАН України на посаді провідного наукового співробітника відділу &ldquo;Інтелектуальних інформаційно-аналітичних систем&rdquo;.&nbsp;</p>\r\n\r\n<p>У 1960 р. закінчив радіотехнічний факультет Київського політехнічного інституту за спеціальністю &quot;електронні прилади&quot;.&nbsp;</p>\r\n\r\n<p>Автор 170 наукових праць, в тому числі &ndash; 2 монографії, брошур та статей у таких журналах як &ldquo;Автоматика и телемеханика&rdquo;, &ldquo;Техническая кибернетика&rdquo;, &ldquo;Программирование&rdquo;, &ldquo;Кибернетика&rdquo;, &ldquo;Управляющие системы и машины&rdquo;, &ldquo;Математичні машини та системи&raquo;, та ін.</p>\r\n\r\n<p>Науково-педагогічний напрямок &ndash; <strong>пошукові системи, системи підтримки прийняття рішень, інтелектуалізований інтерфейс користувача, оцінки рівня інтелектуалізації програмно-технічних систем.</strong></p>\r\n\r\n<p><strong>Викладацька: А-338: (044) 287-96-77</strong></p>\r\n', NULL, '2016-04-07 01:47:20'),
(6, 6, '', 'Савченко Юлій Григорович', 'професор, доктор технічних наук', '', '<p>Професор, доктор технічних наук.</p>\r\n\r\n<p><span 1.7em="" style="\\&quot;line-height:">Закінчив Київський політехнічний інститут у 1960 р. за фахом &laquo;Електронні прилади&raquo;.&nbsp;</span></p>\r\n\r\n<p><span 1.7em="" style="\\&quot;line-height:">Працює в НУХТ з 2000 р., на кафедрі з 2002 р.</span></p>\r\n\r\n<p><span 1.7em="" style="\\&quot;line-height:">Автор більше 150 наукових праць, авторських свідоцтв, навчального посібника.&nbsp;</span></p>\r\n\r\n<p><span 1.7em="" style="\\&quot;line-height:">Науково-педагогічний напрямок &ndash; <strong>методи забезпечення надійності електронної апаратури, технічна діагностика, завадостійке кодування та криптографічний захист інформації.</strong></span></p>\r\n', NULL, '2016-04-07 01:47:47'),
(7, 7, '', 'Сільвестров Антон Миколайович', 'професор, доктор технічних наук', '', '<p>Професор, доктор технічних наук.</p>\r\n\r\n<p>Закінчив Київський політехнічний інститут у 1969 р.&nbsp;</p>\r\n\r\n<p>Працює на кафедрі з 2006 р.</p>\r\n\r\n<p>Під керівництвом проф. Сільвестрова А.М. було розроблено методику високоточного визначення аеродинамічних характеристик літальних апаратів у нелінійних диференційних рівняннях, які описують ці характеристики. В період 1985-1992 років виконано понад 20 бюджетних та госпрозрахункових НДР з цієї тематики, серед них комплекс розробок за міжгалузевою програмою &ldquo;Політ&rdquo; для провідних авіаційних підприємств НВО &ldquo;Молния&rdquo;, АНТК ім. Антонова, ЦНДІ автоматики та гідравліки (м. Москва), К.Б. Мікояна та ін. Об&rsquo;єкти досліджень: космічний літальний апарат &ldquo;Буран&rdquo;, тактичні ракети, літаки М-17, МІГ-27, МІГ-29, АН-72, ТУ-154, ШЛ-18 та ін.</p>\r\n\r\n<p>Автор 8 монографій та 200 наукових статей, доповідей та авторських свідоцтв, підручника &laquo;Електротехніка з основами електроніки&raquo;.</p>\r\n\r\n<p>Підготував 7 кандидатів наук та 2 доктори наук.&nbsp;</p>\r\n\r\n<p><strong>Науково-педагогічний напрямок &ndash; методи ідентифікації, автоматизації і оптимізації складних динамічних систем різної природи і призначення.</strong></p>\r\n', NULL, '2016-04-07 01:48:18'),
(8, 8, '', 'Маноха Людмила Юріївна', 'доцент, кандидат технічних наук, декан факультету автоматизації та комп’ютерних систем', '', '<p>Доцент, кандидат технічних наук.</p>\r\n\r\n<p>Декан факультету Автоматизації та комп&rsquo;ютерних систем.<br />\r\nЗакінчила Київський національний університет ім. Тараса Шевченко за спеціальністю &laquo;Прикладна математика&raquo; у 1983 році.<br />\r\nКандидатську дисертацію захистила у 1995 році.&nbsp;<br />\r\nПрацює в НУХТ з 1986 р., на кафедрі з 2002 р.</p>\r\n\r\n<p>Викладає блок лекційних курсів, веде лабораторні роботи та керує курсовими роботами з базової дисципліни &laquo;Комп&rsquo;ютерна техніка та програмування&raquo; для студентів напряму &laquo;Автоматизація та комп&rsquo;ютерно-інтегровані технології&raquo;; &laquo;Сучасна теорія управління&raquo; для студентів напряму &laquo;Комп&rsquo;ютерні науки&raquo;. Для цих дисциплін створила методичне забезпечення: навчальні програми курсів, конспекти лекцій в електронному вигляді, методичні вказівки, модульні контрольні заходи. Керує науково-дослідною роботою студентів, здійснює керівництво дипломними та магістерськими роботами.&nbsp;</p>\r\n\r\n<p>Автор 49 публікацій, з них 19 наукового та 30 навчально-методичного характеру.</p>\r\n\r\n<p><span 1.7em="" style="\\&quot;line-height:">Науково-педагогічний напрямок &ndash; <strong>створення компонент методичного, математичного та інформаційного забезпечення автоматизованих систем управління підприємств харчової та переробної промисловості, розробка електронних засобів навчання.</strong></span></p>\r\n', NULL, '2016-04-07 01:48:46'),
(9, 9, '', 'М’якшило Олена Михайлівна', 'доцент, кандидат технічних наук, заступник завідувача кафедри', '', '<p>Закінчила у 1974 році Київський політехнічний інститут, факультет АЕПБ за спеціальністю &laquo;Обчислювальна техніка&raquo;. Працювала у Київському інституті автоматики, приймала участь у розробці автоматизованих систем управління промисловими підприємствами, в тому числі для цукрових заводів.</p>\r\n\r\n<p>Кандидатську дисертацію захистила у 1991 р.</p>\r\n\r\n<p>Працює в НУХТ із 1998 р., на кафедрі з 2002 р.&nbsp;</p>\r\n\r\n<p>Виконує обов&#39;язки заступника завідувача кафедрою, відповідає за складання навчальних планів, а також за організацію захисту магістерських робіт. Керує виконанням дипломних та магістерських робіт. Підготувала одного кандидата технічних наук. Керує науковою роботою двох аспірантів. Викладає дисципліни: &quot;Організація баз даних та знань&quot;, &quot;Проектування інформаційних систем&quot;, &quot;Спіральна методологія розробки систем&quot;.</p>\r\n\r\n<p>Автор більше 40 наукових праць, в тому числі: навчальних посібників, &nbsp;конспектів лекцій та більше двадцяти методичних розробок за наведеними дисциплінами.&nbsp;</p>\r\n\r\n<p>Науково-педагогічний напрямок &ndash; <strong>моделювання, розроблення та аналіз баз даних, OLAP-технології, CASE- технології, сучасні технології розроблення систем.</strong></p>\r\n\r\n<p><strong>Викладацька: А-338: (044) 287-96-77</strong></p>\r\n', NULL, '2016-04-07 01:50:07'),
(10, 10, '', 'Чаплінський Юрій Петрович', 'доцент, кандидат технічних наук', '', '<p>Доцент, кандидат технічних наук.</p>\r\n\r\n<p>Закінчив у 1982 р. факультет кібернетики Київського національного університету ім. Тараса Шевченко.</p>\r\n\r\n<p>Кандидатську дисертацію захистив у 1988 році.&nbsp;</p>\r\n\r\n<p>Працює на кафедрі з 2007 р.</p>\r\n\r\n<p>Приймав участь та керував виконанням спільних проектів з українськими та закордонними фахівцями. Проходив стажування в університетах та компаніях США, Бельгії, Великобританії та Італії. Брав участь в роботі міжнародних конференцій та виставках в Нідерландах, США, Туреччині, Єгипті та Індії. Деякий час був національним експертом з інформаційних технологій проекту ООН.</p>\r\n\r\n<p>Автор 57 наукових та науково-методичних праць.</p>\r\n\r\n<p>Науково-педагогічний напрямок &ndash; <strong>розробка математичних методів і алгоритмів прийняття рішень, що базуються на технології системної оптимізації, проведення системного аналізу та розробки алгоритмів прийняття рішень в багаторівневих ієрархічних системах, розробка прикладних знаннєво-орієнтованих технологій та систем підтримки прийняття рішень.</strong></p>\r\n\r\n<p><strong>Викладацька: А-340: (044) 287-96-77</strong></p>\r\n', NULL, '2016-04-07 01:51:55'),
(11, 11, '', 'Горлова Тетяна Михайлівна', 'доцент, кандидат технічних наук', '', '<p>Доцент, кандидат технічних наук.</p>\r\n\r\n<p>Закінчила Київський політехнічний інститут у 1972 р.&nbsp;</p>\r\n\r\n<p>Кандидатську дисертацію захистила у 1984 році.</p>\r\n\r\n<p>На кафедрі працює з 2004 року.</p>\r\n\r\n<p>Автор більше 40 друкованих праць, з них одна монографія і один навчальний посібник, п&rsquo;ять методичних вказівок з дисциплін, що викладаються.</p>\r\n\r\n<p>Науково-педагогічний напрямок &ndash; <strong>технічна кібернетика і теорія інформації.</strong></p>\r\n\r\n<p><strong>Викладацька: А-340: (044) 287-96-77</strong></p>\r\n', NULL, '2016-04-07 01:52:30'),
(12, 12, '', 'Загоровська Лариса Григорівна', 'доцент, кандидат технічних наук', '', '<p>Доцент, кандидат технічних наук.</p>\r\n\r\n<p>Закінчила Київський національний університет ім. Тараса Шевченко у 1977 році.</p>\r\n\r\n<p>Кандидатську дисертацію захистила у 2000 році.&nbsp;</p>\r\n\r\n<p>Працює на кафедрі з 2002 р.</p>\r\n\r\n<p>Автор 2 посібників та більше 70 методичних вказівок і наукових праць, опублікованих у фахових виданнях.</p>\r\n\r\n<p>Науково-педагогічний напрямок &ndash; <strong>дослідження й системний аналіз діяльності підприємств, інжиніринг та автоматизація бізнес-процесів.</strong></p>\r\n\r\n<p><strong>Викладацька: А-338: (044) 287-96-77</strong></p>\r\n', NULL, '2016-04-07 01:53:26'),
(13, 13, '', 'Поворознюк Назар Іванович', 'доцент, кандидат технічних наук', '', '<p>Доцент, кандидат технічних наук.</p>\r\n\r\n<p>Закінчив Київський політехнічний інститут у 1978 р.&nbsp;</p>\r\n\r\n<p>Працює на кафедрі з 2003 р.</p>\r\n\r\n<p>Автор 2 підручників, 3 посібників, 1 електронного засобу навчання та більше 90 праць, опублікованих у фахових наукових виданнях.</p>\r\n\r\n<p>Науково-педагогічний напрямок &ndash; <strong>теорія інформації та обробки сигналів.</strong></p>\r\n\r\n<p><strong>Викладацька: А-333: (044) 287-92-46</strong></p>\r\n', NULL, '2016-04-07 01:54:01'),
(14, 14, '', 'Андріюк Олена Петрівна', 'доцент, кандидат фізико-математичних наук', '', '<p>Доцент, кандидат фізико-математичних наук.</p>\r\n\r\n<p>Закінчила Київський національний університет ім. Тараса Шевченко у 1998 році.</p>\r\n\r\n<p>Кандидатську дисертацію захистила у 2007 році.</p>\r\n\r\n<p>Опубліковано 20 друкованих праць.</p>\r\n\r\n<p>Науково-педагогічний напрямок &ndash;&nbsp;<strong>теорія функцій комплексної змінної.</strong></p>\r\n', NULL, '2016-04-07 01:54:57'),
(15, 15, '', 'Хлобистова Ольга Андріївна', 'доцент, кандидат технічних наук', '', '<p>Доцент, кандидат технічних наук.</p>\r\n\r\n<p>Закінчила Київський політехнічний інститут по спеціальності &bdquo;Обчислювальна техніка&rdquo;, Національний університет ім. Тараса Шевченка по спеціальності &bdquo;Теорія ймовірностей і математична статистика&rdquo;. Також має спеціальність &bdquo;бухгалтер-економіст&rdquo;.&nbsp;</p>\r\n\r\n<p>Працює в НУХТ з 2000р., на кафедрі з 2002 р.</p>\r\n\r\n<p>Брала участь в проектуванні автоматизованих систем для хімічного виробництва (Чернігівський і Курський комбінати синтетичних волокон), металургійного виробництва (Магнітогорський металургійний комбінат), для керування газотранспортними системами, атомними електростанціями (Чехія - Моховце і Куба - Хурагуа). Інший напрямок діяльності - створення державних і галузевих стандартів, яких на її рахунку вже 12. Була науковим керівником розробки серії ДСТУ &bdquo;Безпечність промислових підприємств&rdquo;. На громадських засадах виконує обов`язки заступника керівника Органу з сертифікації автоматизованих систем і програмно-технічних комплексів (ОС СЕПРО АС (ПТК) при Держспоживстандарті України.</p>\r\n\r\n<p>Автор більше 70 наукових праць, має три авторських свідоцтва про винаходи.</p>\r\n\r\n<p>Науково-педагогічний напрямок - <strong>методологічні основи створення інформаційних систем для автоматизованої переробки інформації й управління документообігом.</strong></p>\r\n\r\n<p><strong>Викладацька: А-338: (044) 287-96-77</strong></p>\r\n', NULL, '2016-04-07 01:56:10'),
(16, 16, '', 'Гречко Анастасія Валеріївна', 'доцент, кандидат фізико-математичних наук', '', '<p>Доцент, кандидат фізико-математичних наук, науковий співробітник Інституту кібернетики ім. В.М. Глушкова НАН України.</p>\r\n\r\n<p>Закінчила Національний технічний університет України &quot;Київський політехнічний інститут&quot; у 2001 році.</p>\r\n\r\n<p>Кандидатську дисертацію захистила у 2006 році.</p>\r\n\r\n<p>Опубліковано 7 наукових статей</p>\r\n\r\n<p>Науково-педагогічний напрямок &ndash; <strong>математичні моделі підтримки електронного документообігу, розробка користувацького інтерфейсу розподілених систем з застосуванням Web-технологій.</strong></p>\r\n\r\n<p><strong>Викладацька: А-333: (044) 287-92-46</strong></p>\r\n', NULL, '2016-04-07 01:57:00'),
(17, 17, '', 'Кіктєв Микола Олександрович', 'доцент', '', '', NULL, '2016-04-07 01:57:21'),
(18, 18, '', 'Марченко Віталій Анатолійович', 'доцент, кандидат технічних наук', '', '<p>Доцент, кандидат технічних наук, старший науковий співробітник Інституту кібернетики ім. В.М. Глушкова НАН України.</p>\r\n\r\n<p>Закінчив &quot;Національний авіаційний університет&quot; в 2005 р.&nbsp;</p>\r\n\r\n<p>Кандидатську дисертацію захистив у 2008 р. за фахом &quot;Комп&#39;ютерні системи і компоненти&quot;, тема &quot;Засоби інтеграції компонентів захисту мережевого периметру&quot;.</p>\r\n\r\n<p>Працює на кафедрі з 2010 р.</p>\r\n\r\n<p>Автор близько 25 друкованих праць.</p>\r\n\r\n<p>Науково-педагогічний напрямок &ndash; <strong>розподілені мережеві технології з підвищеним рівнем захисту оброблюваних даних, новітні методи організації мережевого обміну у розподілених телекомунікаційних системах з високим навантаженням.</strong></p>\r\n\r\n<p><strong>Викладацька: А-333: (044) 287-92-46</strong></p>\r\n', NULL, '2016-04-07 01:57:49'),
(19, 19, '', 'Ночвай Володимир Іванович', 'доцент, кандидат технічних наук', '', '<p>Доцент , кандидат технічних наук.</p>\r\n\r\n<p>Закінчив Національний університет &laquo;Києво-Могилянська академія&raquo; у 2001 році.</p>\r\n\r\n<p>Кандидатську дисертацію захистив у 2009 році.</p>\r\n\r\n<p>Опубліковано близько 30 наукових праць 10 навчально-методичних розробок.</p>\r\n\r\n<p>Науково-педагогічний напрямок &ndash; <strong>моделювання забруднення повітря, методи оптимізації, прийняття рішень в умовах невизначеності, інформаційні системи для управління якістю навколишнього середовища</strong></p>\r\n', NULL, '2016-04-07 01:58:20'),
(20, 20, '', 'Грибков Сергій Віталійович', 'доцент, кандидат технічних наук', '', '<p>Доцент, кандидат технічних наук. Закінчив НУХТ у 2003 році.&nbsp;</p>\r\n\r\n<p>Працює на кафедрі з 2003 року.</p>\r\n\r\n<p>Кандидатську дисертацію захистив у 2013 році.</p>\r\n\r\n<p>Автор 25 друкованих праць.&nbsp;</p>\r\n\r\n<p>Науково-педагогічний напрямок &ndash; <strong>розробка систем підтримки прийняття рішень в харчовій галузі.</strong></p>\r\n\r\n<p><strong>Викладацька: А-338: (044) 287-96-77</strong></p>\r\n', NULL, '2016-04-07 02:00:01'),
(21, 21, '', 'Харкянен Олена Валеріївна', 'доцент, кандидат технічних наук', '', '<p>Доцент, кандидат технічних наук.</p>\r\n\r\n<p>Заступник декана заочного факультету АКС.</p>\r\n\r\n<p>Закінчила НУХТ в 1999 р.</p>\r\n\r\n<p>Працює на кафедрі з 2002 року.</p>\r\n\r\n<p>Кандидатську дисертацію захистила у 2013 році.</p>\r\n\r\n<p>Автор понад 35 публікацій. В тому числі: статей у наукових фахових виданнях, методичних вказівок, тез та матеріалів міжнародних та українських наукових конференцій.</p>\r\n\r\n<p>Науково-педагогічний напрямок &ndash; <strong>моделювання, розробка та аналіз баз даних, багатовимірний та інтелектуальний аналіз даних, CASE-технології.</strong></p>\r\n\r\n<p><strong>Викладацька: А-338: (044) 287-96-77</strong></p>\r\n', NULL, '2016-04-07 02:01:00'),
(22, 22, '', 'Мошенський Андрій Олександрович', 'доцент, кандидат технічних наук', '', '<p>Доцент, кандидат технічних наук.</p>\r\n\r\n<p>Закінчив у 2005 р. магістратуру НТУУ &laquo;Київський політехнічний інститут&raquo;.</p>\r\n\r\n<p>Працює на кафедрі з 2005 року.</p>\r\n\r\n<p>Кандидатську дисертацію захистив у 2013 році./p&gt;</p>\r\n\r\n<p>Автор 14 публікацій.&nbsp;</p>\r\n\r\n<p>Науково-педагогічний напрямок &ndash; <strong>телекомунікаційні мережі та передача даних.</strong></p>\r\n\r\n<p><strong>Викладацька: А-333: (044) 287-92-46</strong></p>\r\n', NULL, '2016-04-07 02:02:01'),
(23, 23, '', 'Бойко Регіна Олегівна', 'асистент, кандидат технічних наук', '', '<p>Закінчила НУХТ в 2010 році.</p>\r\n\r\n<p>Працює на кафедрі з 2010 р.</p>\r\n\r\n<p>Кандидатську дисертацію захистила у 2014 році.</p>\r\n\r\n<p>Автор 12 публікацій.</p>\r\n\r\n<p>Науково-педагогічний напрямок &ndash; <strong>Інформаційні технології управління в умовах невизначеності.</strong></p>\r\n\r\n<p><strong>Викладацька: А-333: (044) 287-92-46</strong></p>\r\n', NULL, '2016-04-07 02:02:31'),
(24, 24, '', 'Гладка Мирослава Вікторівна', 'старший викладач', 'Викладацька: А-338: (044) 287-96-77', '<p>Закінчила НУХТ в 2003 році.</p>\r\n\r\n<p>Працює на кафедрі з 2004 р.</p>\r\n\r\n<p>Куратор групи четвертого курсу.</p>\r\n\r\n<p>Впроваджувала систему електронного документообігу OPTiMA-WorkFlow на підприємствах України. Працювала бізнес-аналітиком у &quot;Сітронікс інформаційні технології&quot; (&quot;Квазар-Мікро Техно&quot;). Аналітик-тестувальник у компанії &quot;Ітнерготель&quot; - впровадження систем управління HoReCa.</p>\r\n\r\n<p><span 1.7em="" style="\\&quot;line-height:">Науково-педагогічний напрямок &ndash; </span><strong 1.7em="" style="\\&quot;line-height:">дослідження й системний аналіз діяльності підприємств, інжиніринг та автоматизація бізнес-процесів.</strong></p>\r\n\r\n<p>&nbsp;</p>\r\n\r\n<h2>Публікації</h2>\r\n\r\n<ol>\r\n	<li>Дослідження та розробка системи підтримки прийняття рішень для удосконалення виробничої діяльності машинобудівного підприємства на базі технології CRM i MRP II, [Текст],&nbsp; Гладка М.В., Хлобистова О.А., 70 Наукова конференція молодих вчених, аспірантів і студентів, К.: НУХТ, 2004р. &ndash; Ч.2., С.119-120</li>\r\n	<li>Дослідження та розробка механізму керування інформаційними потоковими процесами відділу маркетингу , [Текст],&nbsp; Гладка М.В., Хлобистова О.А., Наукові праці НУХТ. Додаток до журналу №15, К., НУХТ &ndash; 2004. &ndash; С. 87</li>\r\n	<li>Автоматизація керування потоками робіт і організація конфіденційного документообігу у великих і середніх організаціях , [Текст],&nbsp; Гладка М.В., Хлобистова О.А., 11 Всеукраїнська наукова конференція. Сучасні проблеми прикладної математики та інформатики. Секція: проблеми прикладної та теоретичної інформатики, К., НУХТ - 2004р. &ndash; С125</li>\r\n	<li>Застосування технології WorkFlow при впровадженні стандарту ISO 9000 при автоматизації великих та середніх підприємств. [Текст],&nbsp; Гладка М.В., Редькіна М.О., Міжнародна науково-практична конференція &quot;Наукові дослідження теорія та експеримент&quot;, Полтава - 2005 р., Том 6, С 12 -14</li>\r\n	<li>Особливості автоматизації потоків робіт на ВАТ &laquo;Київський маргариновий завод&raquo; , [Текст],&nbsp; Гладка М.В., Хлобистова О.А., 71 Наукова конференція молодих вчених, аспірантів і студентів, К.: НУХТ, 2005р - Ч.2., С.- 119</li>\r\n	<li>Реалізація концепції ISO на базі технології WorkFlow, [Текст],&nbsp; Гладка М.В., Редькіна М.О., Журнал ComputerWorld/ Україна. К.,2005. №27(508), С. 25</li>\r\n	<li>WorkFlow- проводник изменений [Текст],&nbsp; Гладка М.В., Василенко А.В., Журнал &laquo;IT-Менеджер&raquo; №6(12), К., 2005. С 9-13</li>\r\n	<li>Система управления потоками работ OPTiMA-WorkFlow [Текст],&nbsp; Гладка М., Ткаченко А., Журнал &laquo;Секретарь-референт&raquo;, № 05(30),К., 2005, С. 68-70</li>\r\n	<li>Реінжиніринг бізнес-процесів на основі сучасних інформаційних технологій , [Текст],&nbsp; Гладка М.В., Хлобистова О.А., 72 Наукова конференція молодих вчених, аспірантів і студентів,К.: НУХТ, 2006р. &ndash;С.126-127</li>\r\n	<li>Вибір методологій автоматизації технологічного об&rsquo;єкту, [Текст],&nbsp; Гладка М.В., Хлобистова О.А., Автоматизація виробництва, 2006р. - С.</li>\r\n	<li>Оцінка і вибір CASE-засобів для опису бізнес-процесів організації, [Текст],&nbsp; Гладка М.В., Хлобистова О.А., 73 Наукова конференція молодих вчених, аспірантів і студентів,&nbsp; К.:&nbsp; НУХТ, 2007р., Ч.2., С.-140</li>\r\n	<li>Технологія вибору CASE-засобу на базі типового рішення, [Текст],&nbsp; Гладка М.В., Хлобистова О.А., 74 наукова конференція молодих учених, аспірантів і студентів, К.:&nbsp; НУХТ &ndash; 2008 &ndash; С. 372</li>\r\n	<li>Використання багатофакторної моделі в системі планування харчового виробництва, [Текст],&nbsp; Гладка М.В., Хлобистова О.А., 78 міжнародна наукова конференція молодих учених, аспірантів і студентів, К.:&nbsp; НУХТ &ndash; 2012 &ndash; С.333-334</li>\r\n	<li>Особливості прогнозування попиту методом ковзного середнього на харчових підприємствах, [Текст],&nbsp; Гладка М.В., Камінсь-кий Г.А., 78 міжнародна наукова конференція молодих учених, аспірантів і студентів, К.:&nbsp; НУХТ &ndash; 2012 &ndash; С.337</li>\r\n	<li>Застосування стандартів європейського союзу до державних служб, [Текст],&nbsp; Гладка М.В., Макушева К., 78 міжнародна наукова конференція молодих учених, аспірантів і студентів, К.:&nbsp; НУХТ &ndash; 2012 &ndash; С.337-338</li>\r\n	<li>Розробка автоматизованої системи контролю безпечності м&rsquo;ясопереробного підприємства, [Текст],&nbsp; Гладка М.В., Фоменко І., 78 міжнародна наукова конференція молодих учених, аспірантів і студентів, К.:&nbsp; НУХТ &ndash; 2012 &ndash; С.340</li>\r\n	<li>Процесно-орієнтоване управління якістю харчових виробів, [Текст],&nbsp; Гладка М.В., Хлобистова О.А., ХІХ міжнародна конференція з автоматичного управління, Автоматика/ Automatics -2012, &laquo;Проблеми управління та інформатики&raquo;, К., НУХТ &ndash; 2012</li>\r\n	<li>Процесно-орієнтоване управління якістю харчових виробів, [Текст],&nbsp; Гладка М.В., Хлобистова О.А., UKRAINIAN FOOD JOURNAL № 3, Kиїв 2012, с 78-82</li>\r\n	<li>Інформаційно-обчислювальні комплекси та АСУ [Електронний ресурс] : методичні рекомендації до виконання лабораторних робіт для студентів напряму підготовки 6.050101 &quot;Комп&#39;ютерні науки&quot; усіх форм навч. / уклад. О. А. Хлобистова, М. В. Гладка, К. Є. Бобрівник. - К. : НУХТ, 2012. &ndash; 83 с.&nbsp;</li>\r\n	<li>Гнучкі методології розроблення програмних продуктів і їх використання в проектуванні інформаційних систем, [Текст],&nbsp; Гладка М.В., Хлобистова О.А., 79 міжнародна наукова конференція молодих учених, аспірантів і студентів &laquo;Наукові здобутки молоді &mdash; вирішенню проблем харчування людства у ХХІ столітті&raquo;, &mdash; К.: НУХТ, 2013 р. &mdash; Ч. 2., с. 608-610</li>\r\n	<li>Управління проектуванням життєвого циклу програмних продуктів з допомогою PDM технологій, [Текст],&nbsp; Гладка М.В., Майстренко А.С., 79 міжнародна наукова конференція молодих учених, аспірантів і студентів &laquo;Наукові здобутки молоді &mdash; вирішенню проблем харчування людства у ХХІ столітті&raquo;, &mdash; К.: НУХТ, 2013 р. &mdash; Ч. 2., с. 640-642</li>\r\n	<li>DEVELOPING MODELS OF QUALITY FOOD PRODUCTS, [Текст],&nbsp; Gladka Myroslava, Khlobystova Olga, Congress NEEFood-2013, NUFT, Kyiv, Ukraine</li>\r\n	<li>Розробка плану проектних робіт, [Текст],&nbsp; Гладка М.В., Хлобистова О.А., Восточно-Европейский журнал передовых технологий. Информационные технологии // научный журнал. - Харьков: Технологический центр, 2013. &ndash; №3/2(63), с.34-38.</li>\r\n	<li>Вибір методу захисту інформації в системах документообігу, [Текст],&nbsp; Гладка М.В., Хлобистова О.А., Вісник Національного технічного університету &quot;Харківський політехнічний інститут&quot;. Збірник наукових праць. Серія: Нові рішення в сучасних технологіях. &ndash; Харків: НТУ &quot;ХПІ&quot;. &ndash; 2013. c. &ndash; №26(999), с.20-25.</li>\r\n	<li>Використання процесно-орієнтованого підходу при реалізації продукції з обмеженим терміном зберігання, [Текст],&nbsp; Гладка М.В., Хлобистова О.А., Бровченко Н.Н., ЯКІСТЬ І БЕЗПЕКА ХАРЧОВИХ ПРОДУКТІВ, МІЖНАРОДНА НАУКОВО-ТЕХНІЧНА КОНФЕРЕНЦІЯ,&nbsp; ЗБІРНИК ТЕЗ, НУХТ, К., 14-15 листопада, 2013, c. 61-62</li>\r\n	<li>Інформаційно-обчислювальні комплекси та АСУ [Електронний ресурс] : навчальний посібник / уклад. О. А. Хлобистова, М. В. Гладка, К. Є. Бобрівник. - К. : НУХТ, 2013. &ndash; 178 с.</li>\r\n	<li>Технології комп&#39;ютерного проектування [Електронний ресурс] : лабораторний практикум для студентів напряму підготовки 6.050101 &quot;Комп&#39;ютерні науки&quot; денної та заочної форм навч / уклад. О. А. Хлобистова, М. В. Гладка. - К. : НУХТ, 2013. &ndash; 136 с.</li>\r\n	<li>Управління ІТ проектами [Електронний ресурс] : лабораторний практикум для студентів напряму підготовки 6.050101 &quot;Комп&#39;ютерні науки&quot; денної та заочної форм навч. / уклад. О. А. Хлобистова, М. В. Гладка. - К. : НУХТ, 2013. &ndash; 108 с.&nbsp;</li>\r\n	<li>Використання FUZZY-технології при створенні плану проектних робіт, [Текст],&nbsp; Гладка М.В., 80 міжнародна наукова конференція молодих учених, аспірантів і студентів &laquo;Наукові здобутки молоді &mdash; вирішенню проблем харчування людства у ХХІ столітті&raquo;, &mdash; К.: НУХТ, 2014 р. &mdash;Ч. 2., с. 475-477</li>\r\n	<li>Технології управління проектами, [Текст],&nbsp; Гладка М.В., Майстренко А.С., 80 міжнародна наукова конференція молодих учених, аспірантів і студентів &laquo;Наукові здобутки молоді &mdash; вирішенню проблем харчування людства у ХХІ столітті&raquo;, &mdash; К.: НУХТ, 2014 р. &mdash;Ч. 2., с. 501-502</li>\r\n	<li>Управління ІТ проектами [Електронний ресурс] : методичні рекомендації до виконання курсової роботи для студентів напряму підготовки 6.050101 &laquo;Комп&quot;ютерні науки&raquo; денної та заочної форм навч. / уклад. М. В. Гладка, О. А. Хлобистова. &ndash; К. : НУХТ, 2014.&ndash; 91 с.&nbsp;</li>\r\n	<li>Хлобистова О. А. Технології захисту інформації [Електронний ресурс]: навчальний посібник / уклад. О. А. Хлобистова, Ю. Г. Савченко, М. В. Гладка. &ndash; К. : НУХТ, 2014. &ndash; 84 с.</li>\r\n	<li>Основи патентознавства [Електронний ресурс] : методичні рекомендації до практичних занять для студентів спеціальностей 8.05010101, 7.05010101 &laquo;Інформаційні управляючі системи і технології&raquo;, 8.05010105 &laquo;Комп`ютерний еколого-економічний моніторинг&raquo;, денної та заочної форм навчання / уклад. О. А. Хлобистова, М. В. Гладка. &ndash; К. : НУХТ, 2014. &ndash; 30 с.</li>\r\n	<li>Технологія створення програмних продуктів [Електронний ресурс] : лабораторний практикум для студентів напряму підготовки 6.050101 &laquo;Комп&#39;ютерні науки&raquo; денної та заочної форм навч. / уклад. : В. А. Литвинов, М. В. Гладка, О. А. Хлобистова. &ndash; К. : НУХТ, 2014.&nbsp;</li>\r\n	<li>Використання модулів заохочення клієнтів в автоматизованих системах HoReCa, [Текст],&nbsp; Гладка М.В., Міжнародна наукова конференція, присвячена 130-річчю Національного університету харчових технологій &laquo;Нові ідеї в харчовій науці &ndash; нові продукти харчовій промисловості&raquo;, &mdash; К.: НУХТ, 2014 р. &mdash;с. 567</li>\r\n	<li>Хмарні обчислення та їх використання закладами освіти, [Текст], Левун А.В., Гладка М.В., Міжнародна наукова конференція, присвячена 130-річчю Національного університету харчових технологій &laquo;Нові ідеї в харчовій науці &ndash; нові продукти харчовій промисловості&raquo;, &mdash; К.: НУХТ, 2014 р. &mdash;с. 740</li>\r\n	<li>Організація процесу сервісного обслуговування на основі звернень клієнтів, [Текст], Майстренко А., Гладка М.В., Міжнародна наукова конференція, присвячена 130-річчю Національного університету харчових технологій &laquo;Нові ідеї в харчовій науці &ndash; нові продукти харчовій промисловості&raquo;, &mdash; К.: НУХТ, 2014 р. &mdash;с. 735</li>\r\n	<li>Розмежування пріоритетів при плануванні проекту АС, [Текст],&nbsp; Гладка М.В., Міжнародна наукова конференція, присвячена 130-річчю Національного університету харчових технологій &laquo;Нові ідеї в харчовій науці &ndash; нові продукти харчовій промисловості&raquo;, &mdash; К.: НУХТ, 2014 р. &mdash;с. 736</li>\r\n	<li>Об&rsquo;єктно-орієнтоване програмування [Електронний ресурс]: методичні рекомендації до виконання курсової роботи для студентів напряму підготовки 6.050101 &laquo;Комп&#39;ютерні науки&raquo; заочної форми навч. / уклад. М.В.&nbsp;Гладка, М.О.&nbsp;Кіктєв, Р.О.&nbsp;Бойко &ndash; К. НУХТ, 2014.&ndash;&nbsp;58 с.</li>\r\n	<li>Гладка, М. В. Використання методу &laquo;стартапів&raquo; при плануванні проекту / М. В. Гладка // Сучасні методи, інформаційне, програмне та технічне забезпечення систем управління організаційно-технічними та технологічними комплексами : матеріали Міжнародної науково-технічної конференції, 27 лист. 2014 р.&ndash; К. : НУХТ, 2014. &ndash; С. 176-177.</li>\r\n	<li>Васильченко, А. О. Управління людськими ресурсами у науковій діяльності інноваційної організації / А. О. Васильченко, М. В. Гладка // Сучасні методи, інформаційне, програмне та технічне забезпечення систем управління організаційно-технічними та технологічними комплексами : матеріали Міжнародної науково-технічної конференції, 27 лист. 2014 р.&ndash; К. : НУХТ, 2014. &ndash; С. 169-170.</li>\r\n	<li>Гладка М.В., ПЕРСПЕКТИВИ ВИКОРИСТАННЯ ХМАРНИХ ТЕХНОЛОГІЙ У НАЦІОНАЛЬНОМУ УНІВЕРСИТЕТІ ХАРЧОВИХ ТЕХНОЛОГІЙ / М.В. Гладка, К.Є. Бобрівник, А.В. Левун // Наукові праці НУХТ 2014. Том 20, №6 &ndash; К. НУХТ, 2014. С. 131-135</li>\r\n	<li>Бобрівник К. Є.&nbsp; Проектування віртуальної навчальної лабораторії для студентів технічно-технологічних спеціальностей / К. Є. Бобрівник, М. В. Гладка, М. О. Кіктєв // Енергетика і автоматика&nbsp;. - 2014. - № 3. - С. 18-23.&nbsp;</li>\r\n	<li>Гладка М.В., USING FUZZY-TECHNOLOGY FOR CREATION TERM PLANPROJECT OF WORKS // ЕНЕРГЕТИКА І АВТОМАТИКА, Національний університет біоресурсів і природокористування України (Київ), ISSN:&nbsp;2223-0858, №4, К, 2014, ст. 3 (ст. 6), (Гладка М. В.&nbsp;Використання fuzzy-технології при створенні плану проектних робіт // Енергетика і автоматика, № 4(22), 2014.- К., НУБіП України, 2014. -&nbsp;C. 33-40.)</li>\r\n	<li>Гладкая М.В. ИСПОЛЬЗОВАНИЕ МУЛЬТИАГЕНТНОЙ ТЕХНОЛОГИИ ПРИ СОЗДАНИИ ПЛАНА ПРОЕКТНЫХ РАБОТ АВТОМАТИЗИРОВАННОЙ СИСТЕМЫ / М.В.Гладкая, &nbsp;О.А. Хлобыстова, Л.Г. Загоровская, Е.М. Мякшило // ОРАЛДЫҢ ҒЫЛЫМ ЖАРШЫСЫ, (Уральський научный вестник, Казахстан), № 51 (130), 2014, Серия: Технические науки, Математика, Медицина. &ndash; г. Уральск.: Уралнаучкнига, 2015. С.45-49&nbsp;</li>\r\n	<li>Гладка М.В., Організація процесу онлайн навчання. Міжнародна наукова конференція ІМПЛЕМЕНТАЦІЯ СУЧАСНИХ ТЕХНОЛОГІЙ НАВЧАННЯ У НАВЧАЛЬНИЙ ПРОЦЕС, 17-18 БЕРЕЗНЯ 2015 р. .&ndash; К. : НУХТ, 2014. &ndash; С. 166-168.</li>\r\n</ol>\r\n\r\n<p>&nbsp;</p>\r\n', NULL, '2016-04-07 02:03:18'),
(25, 25, '', 'Ліманська Наталія Володимирівна', 'асистент', '', '<p>Закінчила НУХТ в 2006 році.</p>\r\n\r\n<p>Працює на кафедрі з 2007 р.</p>\r\n\r\n<p>Куратор групи другого курсу.</p>\r\n\r\n<p>Автор 6 публікацій.</p>\r\n\r\n<p>Науково-педагогічний напрямок &ndash; <strong>Інформаційні технології у виробництві.</strong></p>\r\n\r\n<p><strong>Викладацька: А-333: (044) 287-92-46</strong></p>\r\n', NULL, '2016-04-07 02:03:47'),
(26, 26, '', 'Логвин Тетяна Вікторівна', 'асистент', '', '<p>Асистент.</p>\r\n\r\n<p>Закінчила НУХТ в 2010 році.</p>\r\n\r\n<p>Працює на кафедрі з 2010 р.</p>\r\n\r\n<p>Куратор групи групи третього курсу.</p>\r\n\r\n<p>Автор 5 публікацій.&nbsp;</p>\r\n\r\n<p>Науково-педагогічний напрямок &ndash; <strong>коректні методи ідентифікації реальних об`єктів різної природи.</strong></p>\r\n\r\n<p><strong>Викладацька: А-333: (044) 287-92-46</strong></p>\r\n', NULL, '2016-04-07 02:04:26');
INSERT INTO `users_information` (`id`, `user_id`, `email`, `name`, `post`, `contact`, `content`, `photo`, `modified`) VALUES
(27, 27, '', 'Костіков Микола Павлович', 'асистент', 'E-Mail: mikolaszk@gmail.com', '<p>Закінчив НУХТ у 2010 році.</p>\r\n\r\n<p>Працює на кафедрі з 2013&nbsp;р.</p>\r\n\r\n<p>Куратор групи другого курсу.</p>\r\n\r\n<p>Викладає дисципліни: інформатика; кросплатформне програмування; методи та системи штучного інтелекту; системний аналіз; системи обробки знань; реінжиніринг бізнес-процесів.</p>\r\n\r\n<p>Учасник англомовного проекту НУХТ.</p>\r\n\r\n<p>Відповідальний за збір тез кафедри на щорічну міжнародну наукову конференцію молодих учених, аспірантів і студентів НУХТ.</p>\r\n\r\n<p>Автор 30 публікацій (9 статей і 21 тези доповідей).</p>\r\n\r\n<p>Науково-педагогічний напрямок &mdash; <strong>розробка та впровадження нових інформаційних технологій у навчання іноземної мови.</strong></p>\r\n\r\n<p>Наукові інтереси &mdash; комп&rsquo;ютерна лінгвістика, електронні засоби навчання.</p>\r\n\r\n<p><strong><span 1.7em="" style="\\&quot;line-height:">Викладацька: А-333: (044) 287-92-46</span></strong></p>\r\n\r\n<p>&nbsp;</p>\r\n\r\n<p><span style="\\&quot;font-size:16px;\\&quot;"><strong>Розклад занять і консультацій<br />\r\n(II семестр 2015/16 н.р.):</strong></span></p>\r\n\r\n<p><span style="\\&quot;font-size:14px;\\&quot;"><strong>I тиждень:</strong></span><br />\r\nВт. 9:50 - 14:40<br />\r\nСр. 11:20 - 13:20<br />\r\nЧт. 11:20 - 17:50<br />\r\nПт. 8:15 - 16:10</p>\r\n\r\n<p><span style="\\&quot;font-size:14px;\\&quot;"><strong>II тиждень:</strong></span><br />\r\nВт. 9:50 - 14:40<br />\r\nСр. 13:20 - 16:10<br />\r\nЧт. 13:20 - 17:50<br />\r\nПт. 8:15 - 16:10</p>\r\n\r\n<p>&nbsp;</p>\r\n\r\n<p><span style="\\&quot;font-size:16px;\\&quot;"><strong><span 1.7em="" style="\\&quot;line-height:">Публікації:</span></strong></span><br />\r\n<strong>1. </strong>Костіков&nbsp;М.&nbsp;П. Використання комп&rsquo;ютерних засобів і методів для вивчення граматики польської мови&nbsp;/ М.&nbsp;П.&nbsp;Костіков, В.&nbsp;В.&nbsp;Самсонов&nbsp;// Програма і матер. 76-ї наук. конф. молодих учених, аспірантів і студентів &laquo;Наукові здобутки молоді&nbsp;&mdash; вирішенню проблем харчування людства у XXI ст.&raquo;, 12&ndash;13&nbsp;квітня 2010&nbsp;р.&nbsp;&mdash; Ч. III.&nbsp;&mdash; К.&nbsp;: НУХТ, 2010.&nbsp;&mdash; С.&nbsp;126.<br />\r\n<strong>2. </strong>Костіков&nbsp;М.&nbsp;П. Computer-Assisted Grammar Learning&nbsp;/ M. P. Kostikov&nbsp;// Матер. студент. наук. практ. конф. &laquo;Ключові аспекти розвитку науки, культури та суспільства у XXI ст.&raquo;.&nbsp;&mdash; Донецьк&nbsp;: ДонДУУ, 2010.&nbsp;&mdash; С.&nbsp;110&ndash;111.<br />\r\n<strong>3. </strong>Костіков&nbsp;М.&nbsp;П. The Role of the Computer in Teaching of Polish Grammar at the Universities&nbsp;/ М.&nbsp;П.&nbsp;Костіков&nbsp;// Програма і матер. 77-ї наук. конф. молодих учених, аспірантів і студентів &laquo;Наукові здобутки молоді&nbsp;&mdash; вирішенню проблем харчування людства у XXI ст.&raquo;, 11&ndash;12&nbsp;квітня 2011&nbsp;р.&nbsp;&mdash; К.&nbsp;: НУХТ, 2011.&nbsp;&mdash; Ч. 3.&nbsp;&mdash; С.301&ndash;302.<br />\r\n<strong>4. </strong>Костіков&nbsp;М.&nbsp;П. Die Rolle des Computers beim Unterrichten von polnischer Grammatik&nbsp;/ М. Костіков&nbsp;// Програма і матер. 77-ї наук. конф. молодих учених, аспірантів і студентів &laquo;Наукові здобутки молоді&nbsp;&mdash; вирішенню проблем харчування людства у XXI ст.&raquo;, 11&ndash;12&nbsp;квітня 2011&nbsp;р.&nbsp;&mdash; К.&nbsp;: НУХТ, 2011.&nbsp;&mdash; Ч. 3.&nbsp;&mdash; С.&nbsp;354.<br />\r\n<strong>5. </strong>Костіков&nbsp;М.&nbsp;П. Роль комп&rsquo;ютера у навчанні польської граматики у ВНЗ&nbsp;/ Костіков&nbsp;М.&nbsp;П.&nbsp;// Викладання мов у вищих навчальних закладах освіти на сучасному етапі. Міжпредметні зв&rsquo;язки&nbsp;: тези XV Міжнар. наук. практ. конф. 2&ndash;4&nbsp;червня 2011&nbsp;р.&nbsp;&mdash; Х.&nbsp;: Вид-во ХНУ ім. В. Н. Каразіна, 2011.&nbsp;&mdash; С.&nbsp;190&ndash;192.<br />\r\n<strong>6. </strong>Костіков&nbsp;М.&nbsp;П. Роль комп&rsquo;ютера у навчанні польської граматики у ВНЗ&nbsp;/ Костіков&nbsp;М.&nbsp;П.&nbsp;// Викладання мов у вищих навчальних закладах освіти на сучасному етапі. Міжпредметні зв&rsquo;язки: наукові дослідження, досвід, пошуки&nbsp;: зб. наук. пр.&nbsp;/ Харк. нац. ун т ім. В. Н. Каразіна.&nbsp;&mdash; Х., 2011.&nbsp;&mdash; Вип. 18.&nbsp;&mdash; С.&nbsp;102&ndash;108.<br />\r\n<strong>7. </strong>Костіков&nbsp;М.&nbsp;П. Огляд сучасних електронних засобів навчання польської мови&nbsp;/ проф. Самсонов&nbsp;В.&nbsp;В., асп. Костіков&nbsp;М.&nbsp;П.&nbsp;// Сучасні напрями розвитку інформаційно-комунікаційних технологій та засобів управління&nbsp;: матер. другої міжнар. наук. техн. конф.&nbsp;&mdash; К.&nbsp;: ДП &laquo;ЦНДІ НіУ&raquo;, Х.&nbsp;: ДП &laquo;ХНДІ ТМ&raquo;, К.&nbsp;: КДАВТ, 2011.&nbsp;&nbsp;&mdash; С.&nbsp;33.<br />\r\n<strong>8. </strong>Костіков&nbsp;М.&nbsp;П. Можливості вивчення граматики польської мови з допомогою сучасних електронних засобів навчання&nbsp;/ проф. Самсонов&nbsp;В.&nbsp;В., асп. Костіков&nbsp;М.&nbsp;П.&nbsp;// LXVIII наук. конф. професорсько-викладацького складу, аспірантів, студентів та співробітників відокремлених структурних підрозділів ун-ту&nbsp;: тези доповідей&nbsp;/ Нац. транспортний ун т.&nbsp;&mdash; К.&nbsp;: НТУ, 2012.&nbsp;&mdash; С.&nbsp;356.<br />\r\n<strong>9. </strong>Костіков&nbsp;М.&nbsp;П. Створення автоматизованих навчальних систем на основі баз даних лінгвістичної інформації&nbsp;/ Костіков&nbsp;М.&nbsp;П., Самсонов&nbsp;В.&nbsp;В.&nbsp;// Проблеми транспорту&nbsp;/ Нац. транспортний ун-т.&nbsp;&mdash; К., 2012.&nbsp;&mdash; Вип. 9.&nbsp;&mdash; С.&nbsp;253&ndash;258.<br />\r\n<strong>10. </strong>Костіков&nbsp;М.&nbsp;П. Проблеми та перспективи сучасних електронних засобів навчання слов&rsquo;янських мов (на прикладі польської)&nbsp;/ М.&nbsp;П.&nbsp;Костіков&nbsp;// Програма і матер. 78 міжнар. наук. конф. молодих учених, аспірантів і студентів &laquo;Наукові здобутки молоді&nbsp;&mdash; вирішенню проблем харчування людства у XXI ст.&raquo;, 2&ndash;3&nbsp;квітня 2012&nbsp;р.&nbsp;&mdash; К.&nbsp;: НУХТ, 2012&nbsp;р.&nbsp;&mdash; Ч. 2.&nbsp;&mdash; С.&nbsp;323&ndash;324.<br />\r\n<strong>11. </strong>Костіков&nbsp;М.&nbsp;П. Сучасні електронні засоби навчання польської мови: переваги і недоліки&nbsp;/ Костіков&nbsp;М.&nbsp;П.&nbsp;// Засоби і технології сучасного навчального середовища&nbsp;: матер. Міжнар. VIII (XVIII) наук. практ. конф., м. Кіровоград, 27&ndash;28&nbsp;квітня 2012&nbsp;р.&nbsp;/ Відповід. ред.&nbsp;: С. П. Величко.&nbsp;&mdash; Кіровоград&nbsp;: ПП &laquo;Ексклюзив-Систем&raquo;, 2012.&nbsp;&mdash; С.&nbsp;100&ndash;102.<br />\r\n<strong>12. </strong>Костіков&nbsp;М.&nbsp;П. Можливості сучасних електронних засобів навчання польської мови для вивчення граматики студентами&nbsp;/ Микола Костіков&nbsp;// Наукові записки. Серія&nbsp;: педагогічні науки&nbsp;/ Кіровоград. держ. пед. ун-т ім. В. Винниченка.&nbsp;&mdash; Кіровоград&nbsp;: РВВ КДПУ ім. В. Винниченка, 2012.&nbsp;&mdash; Вип. 108.&nbsp;&mdash; Ч. 1.&nbsp;&mdash; С.&nbsp;206&ndash;209.<br />\r\n<strong>13. </strong>Самсонов&nbsp;В.&nbsp;В. Алгоритм адаптивного навчання в системі електронних навчально-методичних ресурсів дисципліни&nbsp;/ В.&nbsp;В.&nbsp;Самсонов, А. М. Сильвестров, М.&nbsp;П.&nbsp;Костіков&nbsp;// Тези доповідей Міжнар. наук. практ. конф. &laquo;Інформаційні технології в освіті, науці і техніці&raquo; (ІТОНТ 2012): Черкаси, 25&ndash;27&nbsp;квітня 2012&nbsp;р.&nbsp;&mdash; у 2 т.&nbsp;&mdash; Черкаси&nbsp;: ЧДТУ, 2012.&nbsp;&mdash; Т. 2.&nbsp;&mdash; С.&nbsp;85&ndash;86.<br />\r\n<strong>14. </strong>Костіков&nbsp;М.&nbsp;П. Створення бази знань граматики польської мови&nbsp;/ М.&nbsp;П.&nbsp;Костіков&nbsp;// Актуальні проблеми економіки.&nbsp;&mdash; К., 2012.&nbsp;&mdash; №&nbsp;10 (136).&nbsp;&mdash; С.&nbsp;243&ndash;248.<br />\r\n<strong>15. </strong>Костіков&nbsp;М.&nbsp;П. &laquo;Розумні парадигми&raquo; як основа експертно-навчальної системи польської граматики [Електрон. ресурс]&nbsp;/ М.&nbsp;П.&nbsp;Костіков&nbsp;// Міжнар. наук. конф. MegaLing&rsquo;2012 &laquo;Горизонти прикладної лінгвістики і лінгвістичних технологій&raquo;, Київ, 20&ndash;23&nbsp;листопада 2012&nbsp;р.&nbsp;&mdash; 2012.&nbsp;&mdash; 2 с.&nbsp;&mdash; Режим доступу: http://megaling.ulif.org.ua/attachments/article/160/Kostikov_tezy.pdf.<br />\r\n<strong>16. </strong>Костіков&nbsp;М.&nbsp;П. Формалізація граматичних правил для навчання польської мови&nbsp;/ Костіков&nbsp;М.&nbsp;П.&nbsp;// LXX наук. конф. професорсько-викладацького складу, аспірантів, студентів та співробітників відокремлених структурних підрозділів ун-ту&nbsp;: тези доповідей&nbsp;/ Нац. транспортний ун т.&nbsp;&mdash; К.&nbsp;: НТУ, 2014.&nbsp;&mdash; С.&nbsp;364&ndash;365.<br />\r\n<strong>17. </strong>Костіков&nbsp;М.&nbsp;П. Підхід &laquo;розумних парадигм&raquo; для створення бази знань морфології польської мови&nbsp;/ Микола Костіков&nbsp;// Прикладна лінгвістика та лінгвістичні технології: MegaLing 2012&nbsp;: зб. наук. пр.&nbsp;/ НАН України, Укр. мовно-інформ. фонд.&nbsp;&mdash; К. : УМІФ, 2013.&nbsp;&mdash; С.&nbsp;136&ndash;142.<br />\r\n<strong>18. </strong>Костіков&nbsp;М.&nbsp;П. Компонентно-орієнтоване навчання граматики слов&rsquo;янських мов (на прикладі польської)&nbsp;/ М.&nbsp;П.&nbsp;Костіков&nbsp;// Програма і матер. 79 міжнар. наук. конф. молодих учених, аспірантів і студентів &laquo;Наукові здобутки молоді&nbsp;&mdash; вирішенню проблем харчування людства у XXI ст.&raquo;, 15&ndash;16&nbsp;квітня 2013&nbsp;р.&nbsp;&mdash; К.&nbsp;: НУХТ, 2013.&nbsp;&mdash; Ч. 2.&nbsp;&mdash; С.&nbsp;603&ndash;604.<br />\r\n<strong>19. </strong>Kostikov&nbsp;M. Decomposing Morphological Rules of Polish for Adaptive Language Learning&nbsp;/ Mykola Kostikov&nbsp;// International Conference on Intelligent Information Systems, 20&ndash;23 Aug. 2013, Chişinău, Moldova&nbsp;: Proceedings IIS.&nbsp;&mdash; Chişinău&nbsp;: Institute of Mathematics and Computer Science, 2013.&nbsp;&mdash; P. 223&ndash;226.<br />\r\n<strong>20. </strong>Костіков&nbsp;М.&nbsp;П. Навчання граматики польської мови на основі моделі морфології&nbsp;/ Костіков Микола Павлович&nbsp;// Міжнар. наук. конф. MegaLing&rsquo;2013 &laquo;Горизонти прикладної лінгвістики і лінгвістичних технологій&raquo;, Київ, 20&ndash;21&nbsp;листопада 2013&nbsp;р.&nbsp;&mdash; 2012.&nbsp;&mdash; 2 с.&nbsp;&mdash; Режим доступу: http://megaling.ulif.org.ua/attachments/article/317/Kostikov_tezy_ML2013.doc<br />\r\n<strong>21. </strong>Костіков&nbsp;М.&nbsp;П. База знань морфології польської мови для індивідуалізованого навчання&nbsp;/ М.&nbsp;П.&nbsp;Костіков&nbsp;// Проблеми інформатизації&nbsp;: тези доповідей другої міжнар. наук. техн. конф.&nbsp;&mdash; К., 2014.&nbsp;&mdash; С.&nbsp;8.<br />\r\n<strong>22. </strong>Костіков&nbsp;М.&nbsp;П. Модель студента для навчання граматики польської мови&nbsp;/ Микола Костіков&nbsp;// Програма і матеріали 80 міжнародної наукової конференції молодих учених, аспірантів і студентів &laquo;Наукові здобутки молоді&nbsp;&mdash; вирішенню проблем харчування людства у XXI столітті&raquo;, 10&ndash;11&nbsp;квітня 2014&nbsp;р.&nbsp;&mdash; К.&nbsp;: НУХТ, 2014.&nbsp;&mdash; Ч. 2.&nbsp;&mdash; С.&nbsp;489&ndash;490.<br />\r\n<strong>23. </strong>Костіков&nbsp;М.&nbsp;П. Побудова бази знань словозміни польської мови для адаптивного навчання&nbsp; [Електрон. ресурс]&nbsp;/ Костіков&nbsp;М.&nbsp;П.&nbsp;// Матер. міжнар. наук. техн. конф. &laquo;Сучасні методи, інформаційне, програмне та технічне забезпечення систем управління організаційно-технічними та технологічними комплексами&raquo;, 27&nbsp;листопада 2014&nbsp;р.&nbsp;&mdash; К.&nbsp;: НУХТ, 2014.&nbsp;&mdash; С.&nbsp;196.&nbsp;&mdash; Режим доступу&nbsp;: http://nuft.edu.ua/page/view/konferentsii<br />\r\n<strong>24. </strong>Костіков&nbsp;М.&nbsp;П. Модель студента й алгоритм навчання експертно-навчальної системи граматики польської мови&nbsp;/ М. Костіков, В. Самсонов&nbsp;// Інформаційні технології в освіті.&nbsp;&mdash; Херсон&nbsp;: ХДУ, 2014.&nbsp;&mdash; №&nbsp;21.&nbsp;&mdash; С.&nbsp;87&ndash;95.<br />\r\n<strong>25. </strong>Костіков&nbsp;М.&nbsp;П. Автоматизоване створення граматичних вправ&nbsp;/ Микола Костіков&nbsp;// Матер. 81 міжнар. наук. конф. молодих учених, аспірантів і студентів &laquo;Наукові здобутки молоді&nbsp;&mdash; вирішенню проблем харчування людства у ХХІ столітті&raquo;, 23&ndash;24&nbsp;квітня 2015&nbsp;р.&nbsp;&nbsp;&mdash; К.&nbsp;: НУХТ, 2015.&nbsp;&mdash; Ч. 2.&nbsp;&mdash; С.&nbsp;345.<br />\r\n<strong>26. </strong>Костіков&nbsp;М.&nbsp;П. Розроблення інформаційної технології навчання граматики польської мови&nbsp;/ Костіков&nbsp;М.&nbsp;П.&nbsp;// LXXI наук. конф. професорсько-викладацького складу, аспірантів, студентів та співробітників відокремлених структурних підрозділів ун-ту&nbsp;: тези доповідей&nbsp;/ Нац. транспортний ун т.&nbsp;&mdash; К.&nbsp;: НТУ, 2015.<br />\r\n<strong>27.</strong> Костіков&nbsp;М.&nbsp;П. Конструктор вправ із морфології для експертно-навчальної системи граматики польської мови&nbsp;/ Костіков Микола Павлович&nbsp;// Сучасні проблеми інформатики в управлінні, економіці та освіті&nbsp;: [матер. XIV Міжнар. наук. семінару, Київ &mdash; оз.&nbsp;Світязь, 29&nbsp;червня &mdash; 3&nbsp;липня 2015&nbsp;р.]&nbsp;/ за наук. ред. д.е.н., проф. М.&nbsp;М.&nbsp;Єрмошенка&nbsp;; Нац. Академія управління&nbsp;; Міжнар. академія інформатики.&nbsp;&mdash; К.&nbsp;: СІК ГРУП УКРАЇНА, 2015.&nbsp;&mdash; С.&nbsp;194&ndash;197.<br />\r\n<strong>28.</strong> Костіков М. П. Архітектура експертно-навчальної системи граматики іноземної мови / М. П. Костіков, В. В. Самсонов // Радіоелектронні і комп&rsquo;ютерні системи. &mdash; Х. : ХАІ, 2015. &mdash; № 4 (74). &mdash; С. 145&ndash;149.<br />\r\n<strong>29.</strong> Костіков М. П. Формальна модель словозміни іменників польської мови / Костіков М. П. // Радіоелектроніка, інформатика, управління. &mdash; Запоріжжя : ЗНТУ, 2015. &mdash; № 4 (35). &mdash; С. 18&ndash;21.<br />\r\n<strong>30.</strong> Костіков&nbsp;М.&nbsp;П. Модель студента для експертно-навчальної системи граматики іноземної мови&nbsp;/ А.&nbsp;М.&nbsp;Гуржій, М.&nbsp;П.&nbsp;Костіков&nbsp;// Вісник Кременчуцького нац. ун-ту ім. Михайла Остроградського.&nbsp;&mdash; Кременчук&nbsp;: КрНУ, 2015.&nbsp;&mdash; Вип.&nbsp;6 (95).&nbsp;&mdash; С.&nbsp;119&ndash;125.<br />\r\n&nbsp;</p>\r\n\r\n<p><span style="\\&quot;font-size:16px;\\&quot;"><strong><span 1.7em="" style="\\&quot;line-height:">Публікації спільно зі студентами:</span></strong></span><br />\r\n<strong>1. </strong>Чечина В. О. Огляд сучасних мобільних операційних систем / В. О. Чечина, М. П. Костіков // Матер. II Міжнар. наук. техн. Internet конф. &laquo;Сучасні методи, інформаційне, програмне та технічне забезпеченнясистем управління організаційно-технічними та технологічними комплексами&raquo;, 25 листоп. 2015 р. &mdash; К. : НУХТ, 2015. &mdash; С. 237.<br />\r\n<strong>2. </strong>Варісова Ю. І. 3D-друк та його застосування / Ю. І. Варісова, М. П. Костіков // Матер. II Міжнар. наук. техн. Internet конф. &laquo;Сучасні методи, інформаційне, програмне та технічне забезпеченнясистем управління організаційно-технічними та технологічними комплексами&raquo;, 25 листоп. 2015 р. &mdash; К. : НУХТ, 2015. &mdash; С. 144&ndash;145.<br />\r\n<strong>3. </strong>Ющик А. В. Моніторинг екологічного стану ґрунтів / А. В. Ющик, М. П. Костіков // Матер. II Міжнар. наук. техн. Internet конф. &laquo;Сучасні методи, інформаційне, програмне та технічне забезпеченнясистем управління організаційно-технічними та технологічними комплексами&raquo;, 25 листоп. 2015 р. &mdash; К. : НУХТ, 2015. &mdash; С. 242.</p>\r\n', NULL, '2016-04-07 02:05:14'),
(28, 28, '', 'Бобрівник Катерина Євгеніївна', 'асистент', '', '<p>Асистент.</p>\r\n\r\n<p>Закінчила НУХТ в 2003 році.</p>\r\n\r\n<p>Працює в НУХТ з 2004 р., на кафедрі з 2006 р.</p>\r\n\r\n<p>Автор 12 публікацій.</p>\r\n\r\n<p>Куратор групи третього курсу.</p>\r\n\r\n<p>Науково-педагогічний напрямок &ndash; <strong>дослідження і розробка програмних педагогічних засобів навчання</strong>.</p>\r\n\r\n<p><strong>​Викладацька: А-333: (044) 287-92-46</strong></p>\r\n', NULL, '2016-04-07 02:06:19'),
(29, 29, '', 'Джуренко Тетяна Сергіївна', 'асистент', '', '', NULL, '2016-04-07 02:06:39'),
(30, 30, '', 'Субботіна Олена Вадимівна', 'старший викладач', '', '', NULL, '2016-04-07 02:07:01'),
(31, 31, '', 'Дроб''язко Ірина Павлівна', 'старший викладач', '', '', NULL, '2016-04-07 02:07:24');

--
-- Индексы сохранённых таблиц
--

--
-- Индексы таблицы `alerts`
--
ALTER TABLE `alerts`
  ADD PRIMARY KEY (`id`),
  ADD KEY `user_id` (`user_id`);

--
-- Индексы таблицы `files`
--
ALTER TABLE `files`
  ADD PRIMARY KEY (`id`),
  ADD KEY `user_id` (`user_id`);

--
-- Индексы таблицы `menus`
--
ALTER TABLE `menus`
  ADD PRIMARY KEY (`id`);

--
-- Индексы таблицы `menu_items`
--
ALTER TABLE `menu_items`
  ADD PRIMARY KEY (`id`),
  ADD KEY `menu_id` (`menu_id`),
  ADD KEY `item_id` (`item_id`);

--
-- Индексы таблицы `news`
--
ALTER TABLE `news`
  ADD PRIMARY KEY (`id`),
  ADD KEY `user_id` (`user_id`);

--
-- Индексы таблицы `pages`
--
ALTER TABLE `pages`
  ADD PRIMARY KEY (`id`),
  ADD KEY `user_id` (`user_id`);

--
-- Индексы таблицы `reviews`
--
ALTER TABLE `reviews`
  ADD PRIMARY KEY (`id`),
  ADD KEY `user_id` (`user_id`);

--
-- Индексы таблицы `users`
--
ALTER TABLE `users`
  ADD PRIMARY KEY (`id`);

--
-- Индексы таблицы `users_information`
--
ALTER TABLE `users_information`
  ADD PRIMARY KEY (`id`),
  ADD KEY `user_id` (`user_id`);

--
-- AUTO_INCREMENT для сохранённых таблиц
--

--
-- AUTO_INCREMENT для таблицы `alerts`
--
ALTER TABLE `alerts`
  MODIFY `id` int(11) unsigned NOT NULL AUTO_INCREMENT,AUTO_INCREMENT=2;
--
-- AUTO_INCREMENT для таблицы `files`
--
ALTER TABLE `files`
  MODIFY `id` int(11) unsigned NOT NULL AUTO_INCREMENT;
--
-- AUTO_INCREMENT для таблицы `menus`
--
ALTER TABLE `menus`
  MODIFY `id` int(11) unsigned NOT NULL AUTO_INCREMENT,AUTO_INCREMENT=2;
--
-- AUTO_INCREMENT для таблицы `menu_items`
--
ALTER TABLE `menu_items`
  MODIFY `id` int(11) unsigned NOT NULL AUTO_INCREMENT,AUTO_INCREMENT=22;
--
-- AUTO_INCREMENT для таблицы `news`
--
ALTER TABLE `news`
  MODIFY `id` int(11) unsigned NOT NULL AUTO_INCREMENT;
--
-- AUTO_INCREMENT для таблицы `pages`
--
ALTER TABLE `pages`
  MODIFY `id` int(11) unsigned NOT NULL AUTO_INCREMENT,AUTO_INCREMENT=10;
--
-- AUTO_INCREMENT для таблицы `reviews`
--
ALTER TABLE `reviews`
  MODIFY `id` int(11) unsigned NOT NULL AUTO_INCREMENT;
--
-- AUTO_INCREMENT для таблицы `users`
--
ALTER TABLE `users`
  MODIFY `id` int(11) unsigned NOT NULL AUTO_INCREMENT,AUTO_INCREMENT=32;
--
-- AUTO_INCREMENT для таблицы `users_information`
--
ALTER TABLE `users_information`
  MODIFY `id` int(11) unsigned NOT NULL AUTO_INCREMENT,AUTO_INCREMENT=32;
--
-- Ограничения внешнего ключа сохраненных таблиц
--

--
-- Ограничения внешнего ключа таблицы `alerts`
--
ALTER TABLE `alerts`
  ADD CONSTRAINT `alerts_ibfk_1` FOREIGN KEY (`user_id`) REFERENCES `users` (`id`) ON DELETE SET NULL;

--
-- Ограничения внешнего ключа таблицы `files`
--
ALTER TABLE `files`
  ADD CONSTRAINT `files_ibfk_1` FOREIGN KEY (`user_id`) REFERENCES `users` (`id`) ON DELETE CASCADE;

--
-- Ограничения внешнего ключа таблицы `menu_items`
--
ALTER TABLE `menu_items`
  ADD CONSTRAINT `menu_items_ibfk_1` FOREIGN KEY (`menu_id`) REFERENCES `menus` (`id`) ON DELETE CASCADE,
  ADD CONSTRAINT `menu_items_ibfk_2` FOREIGN KEY (`item_id`) REFERENCES `menu_items` (`id`) ON DELETE CASCADE;

--
-- Ограничения внешнего ключа таблицы `news`
--
ALTER TABLE `news`
  ADD CONSTRAINT `news_ibfk_1` FOREIGN KEY (`user_id`) REFERENCES `users` (`id`) ON DELETE SET NULL;

--
-- Ограничения внешнего ключа таблицы `pages`
--
ALTER TABLE `pages`
  ADD CONSTRAINT `pages_ibfk_1` FOREIGN KEY (`user_id`) REFERENCES `users` (`id`) ON DELETE SET NULL;

--
-- Ограничения внешнего ключа таблицы `reviews`
--
ALTER TABLE `reviews`
  ADD CONSTRAINT `reviews_ibfk_1` FOREIGN KEY (`user_id`) REFERENCES `users` (`id`) ON DELETE SET NULL;

--
-- Ограничения внешнего ключа таблицы `users_information`
--
ALTER TABLE `users_information`
  ADD CONSTRAINT `users_information_ibfk_1` FOREIGN KEY (`user_id`) REFERENCES `users` (`id`) ON DELETE CASCADE;

/*!40101 SET CHARACTER_SET_CLIENT=@OLD_CHARACTER_SET_CLIENT */;
/*!40101 SET CHARACTER_SET_RESULTS=@OLD_CHARACTER_SET_RESULTS */;
/*!40101 SET COLLATION_CONNECTION=@OLD_COLLATION_CONNECTION */;
